Surname,First name(s),Full name,Father's occupation,F occ grouping,Married surname,Husband's occupation,H occ grouping,Family Tree,Birthdate,Year of birth,Place of birth,Region of birth,Wikidata identifier of place,Country born,Grouped country born,Parental birthplace,Parental group,Religion,Date of death,Year of death,Place of death,Wikidata death,Region of death,Year of student registration,College,Col2,Region of College,First Qual,Group,Primary Qual,Other,1890 Location,Location 1900,Location 1905,Location 1907,Location 1908,Location 1910,Region 1910,Region 1915,Specialism,Position 1915,Region 1925,Specialism 1925,Position 1925,Missionary,India connection,China Connection,War experience,Type of war service,Obituary,Age at reg as a doctor,Age at death,Age at registration as a students,Length of study,Comments,(for Scots) Fees paid,Notes
Adams,Violet Grace Seymour,Violet Grace Seymour Adams,Schoolmaster,Teacher,Clarke,Doctor,Medical,Yes,12-Mar-1873,1873,Moulmein,India,,India,India & Ceylon,Anglo-Indian,SA/SA,,20143,1955,Nairobi,,Africa,1893,LSMW & EMCW,Edinburgh,Scotland,1899,Edinburgh,Edinburgh,,,,,,,,,,,,,,,Dufferin,"Born & Worked, Agra & Madras",,,,,26,82,20,6,"1915 Medical Directory entry says ‘late Asst. Supt. Gov. Matern. Hosp. Madras; 2nd Phys. Lady Dufferin Hospital, Agra, & Lect. Gynaecol. Wom. Students Agra Med. Sch.",,
Agnew,May,May Agnew,Linen Manufacturer,Manufacturer,Johnston,Presbyterian Minister,Minister,Yes,,1878,Antrim,Ulster,,Ireland,Ireland,Scotland/England,Scot/Engl,Presbyterian,,A1940,,,,1896,EMCW,Edinburgh,Scotland,1902,Edinburgh,Edinburgh,,,,,,,London,London,,,,,,,,,,,,,24,#VALUE!,18,6,,,
Aitken,Isabelle,Isabelle Aitken,Cattle dealer,Dealers and Agents,,,,Yes,,1870,"Eccles, Berwick",SE Scotland,Q68815414,Scotland,Scotland,Scotland,Scot/Scot,Presbyterian,,1948,Edinburgh,,Scotland,1890,ESMW,Edinburgh,Scotland,1896,Edinburgh,Triple,,,China,China,China,,London,London,China,NS,Mission Hospital,,,,EMMS,,EMMS,,,,26,78,20,6,Suffrage,,
Alexander,Christina McCulloch,Christina McCulloch Alexander,Accountant,"Legal, accounts,para-legal",Blaikie,Missionary,Minister,Yes,30 May 1866,1866,Edinburgh,SE Scotland,Q23436,Scotland,Scotland,Scotland,Scot/Scot,Presbyterian,16698,1945,Edinburgh,,Scotland,1893,EMCW,Edinburgh,Scotland,1899,Edinburgh,Edinburgh,,,,,,,Kirkintilloch,Scotland,,,,,,,EP Mission China,,English Presbyterian,,,,33,79,27,6,,,
Alison,Janet Cameron Pearson,Janet Cameron Pearson Alison,Architect,Professional,Latimer,Medical,Professional,Yes,20/2/1894,1894,Hawick,SE Scotland,,Scotland,Scotland,Scottish,Scot/Scot,,01/07/1960,1960,Ripon,,England,1911,Edinburgh,Edinburgh,Scotland,1916,Edinburgh,Edinburgh,,,,,,,,,,,,NS,NS,NS,,,,,,,22,66,17,,,,
Allen,Maria Shepherd,Maria Shepherd Allen,Landowner and MP,Landowner & Gentleman,,,,Yes,8 Dec 1877,1877,Staffordshire,West Midlands,,England,England,England,Eng/Eng,Methodist,,1935,Staffordshire,,England,1903,EMCW,Edinburgh,Scotland,1909,Edinburgh,Triple,,,,,,,Cheadle,England,,,,,,,Wesleyan,"Worked, Mysore",,,,,32,58,26,6,,,
Anderson,Elizabeth Matthew,Elizabeth Matthew Anderson,Chemist,Paramedical,,,,Yes,,1878,Dundee,Central Scotland,Q123709,Scotland,Scotland,Scotland,Scot/Scot,,,1971,Dundee,,Scotland,1894,EMCW,Edinburgh,Scotland,1900,Edinburgh,Edinburgh,,,,,Calcutta *,,Dundee,Scotland,Dundee,NS,NS,Dundee,NS,NS,,"Worked, Bengal",,,,,22,93,16,6,Sister of Agnes Jane,,
Anderson,Mary Scott,Mary Scott Anderson,Naval Engineer,Engineer,Arbuckle,Doctor,Medical,Yes,,1869,Devonport,SW England,,England,England,Scotland/England,Scot/Engl,Presbyterian,,1951,South Africa,,Africa,1895,EMCW,Edinburgh,Scotland,1900,Edinburgh,Edinburgh,,,,Durban,Durban,,Sierra Leone,Africa,,,,,,,?,,,,,,31,82,26,5,,,
Archibald,Marion Hamilton,Marion Hamilton Archibald,Solicitor,"Legal, accounts,para-legal",,,,Yes,01/06/1881,1881,"Hamilton, Lanarkshire",West of Scotland,Q4131,Scotland,Scotland,Scotland,Scot/Scot,,,1930,Surrey,,England,1902,EMCW,Edinburgh,Scotland,1908,Edinburgh,Edinburgh,,,,,,,Ilkeston,England,,,,,,,,,,,,,25,47,19,6,,97.13,
Armstrong,Janet Richardson,Janet Richardson Armstrong,Farmer,Farmer,Herdman,Army Major,Armed forces,Yes,,1885,Denbighshire,Wales,,Wales,Wales,Scotland,Scot/Scot,Anglican,,1973,Buckinghamshire,,England,1904,EMCW,Edinburgh,Scotland,1910,Edinburgh,Edinburgh,,,,,,,Glamorgan,Wales,Glamorgan,DPH,ASMO Glamorgan,Glamorgan,DPH,Act SMO & SMI Glamorgan,,,,,,,25,88,19,6,,109.4,
Babington,Alice Elizabeth May,Alice Elizabeth May Babington,Sugar & Flour Agent,Dealers and Agents,Moyes,Surgeon,Medical,Yes,9 May 1880,1880,Derry,Ulster,,Ireland,Ireland,Ireland,Ir/Ir,CoI,17932,1949,Derry,,Ireland,1904,EMCW,Edinburgh,Scotland,1909,Edinburgh,Edinburgh,Dip. Psych. Med. Leeds 1912,,,,,,Donegal,Ireland,,,,,,,,,,,,,29,69,24,5,,,
Bailey,Frances Harriet Ada,Frances Harriet Ada Bailey,"Missionary, later Sec. to Mission to lepers",Minister,Taylor,Medical Missionary,Medical and Minister,Yes,,1876,Dalhousie,India,,India,India & Ceylon,Ireland,Ir/Ir,Anglican,,1942,Edinburgh,,Scotland,1893,EMCW,Edinburgh,Scotland,1898,Edinburgh,Triple,,,,,Punjab,,,,,,,,,,,"Born & lived, Punjab",,,,,22,66,17,5,,,
Baird,Mary Ann Harvey,Mary Ann Harvey Baird,Commercial Clerk,Official,,,,Yes,10 Feb 1890,1890,Dennistoun,West of Scotland,,Scotland,Scotland,Scotland,Scot/Scot,,27376,1974,London,,England,1908,ESMW2,Edinburgh,Scotland,1914,Edinburgh,Edinburgh,,,,,,,,,Norwich,NS,RMO Jenny Lind Infirmary,S Africa,NS,"AMInsp Schools, Natal",,,,,,,24,84,18,6,South Africa,105,
Baker,Elizabeth Adelaide,Elizabeth Adelaide Baker,Missionary,Minister,,,,Yes,,1867,South Africa,South Africa,,South Africa,Empire,England,Eng/Eng,Anglican,,1928,London,,England,1887,ESMW & EMCW,Edinburgh,Scotland,1892,Edinburgh,Triple,,,,Orkney,Rotherhithe,,Rotherhithe,London,London,NS,NS,London,NS,NS,,,,,,,25,61,20,5,London,,
Balfour,Agnes,Agnes Balfour,Farmer,Farmer,,,,Yes,,1876,Canterbury,New Zealand,,New Zealand,Empire,Scotland,Scot/Scot,,,1904,Kent,,England,1896,EMCW,Edinburgh,Scotland,1902,Edinburgh,Edinburgh,,,,Edinburgh,,,,,,,,,,,,,,,,,26,28,20,6,"1896 Otago, 1899 Edinburgh",,
Balfour,Margaret Ida,Margaret Ida Balfour,Chartered Accountant,"Legal, accounts,para-legal",,,,Yes,,1866,Edinburgh,SE Scotland,Q23436,Scotland,Scotland,Scotland,Scot/Scot,Presbyterian,,1945,London,,England,1887,ESMW & EMCW,Edinburgh,Scotland,1891,Edinburgh,Triple,,,,Nahan,Patiala,,Punjab,India,,,,,,,Greenfield & Dufferin,"Worked, Punjab",,,,16803,25,79,21,4,,,
Barclay,Margaret Kate Aitchison,Margaret Kate Aitchison Barclay,Barrister,"Legal, accounts,para-legal",Robertson,Doctor,Medical,Yes,,1868,London,London,Q84,England,England,Scotland/England,Scot/Engl,Anglican,,1942,Bournemouth,,England,1886,ESMW & EMCW,Edinburgh,Scotland,1891,Edinburgh,Triple,,,,,Edinburgh,,Edinburgh,Edinburgh,Edinburgh,Oculist,Canongate Eye Dispensary,,,,,,,,,,23,74,18,5,,,
Barclay,Rachel Mary,Rachel Mary Barclay,Free Church Minister,Minister,,,,Yes,,1865,NZ,NZ,,New Zealand,Empire,Scotland,Scot/Scot,Presbyterian,,1944,Edinburgh,,Scotland,1908,NESMW,Edinburgh,Scotland,1914,Edinburgh,Edinburgh,,,,,,,Edinburgh,Edinburgh,Edinburgh,NS,NS,Edinburgh,Psychiatry,NS,,,,,,,49,79,43,6,Edinburgh,63,
Bartholomew,Margaret Winifred,Margaret Winifred Bartholomew,Farmer,Farmer,Rushforth,Civil Servant,officer,Yes,,1885,West Lothian,SE Scotland,,Scotland,Scotland,Scotland,Scot/Scot,Presbyterian,,1983,Edinburgh,,Scotland,1903,EMCW,Edinburgh,Scotland,1908,Edinburgh,Edinburgh,,,,,,,Nagpur,India,W Lothian,NS,NS,,,,UFCofS WFMS,"Worked, various, 1908-1928",,,,Winter 1983,23,98,18,5,,108.3,
Bateman,Lydia Dorothy La Trobe,Lydia Dorothy La Trobe Bateman,Civil Engineer,Engineer,Parsons,CoE Minister,Minister,Yes,19 Feb 1882,1882,Montreal,Canada,,Canada,Empire,England,Eng/Eng,Anglican,,1964,London,,England,1903,EMCW,Edinburgh,Scotland,1908,Edinburgh,Edinburgh,MD Edin 1911,,,,,,,,,,,,,,,,,,,,26,82,21,5,"Vicar's wife, followed him",,
Beath,Nina Henrietta,Nina Henrietta Beath,Army Surgeon,Medical,,,,Yes,,1872,Delhi,India,,India,India & Ceylon,Scotland,Scot/Scot,Presbyterian,,1925,London,,England,1896,EMCW,Edinburgh,Scotland,1902,Edinburgh,Edinburgh,,,,Stirling,China,,Swatow,China,,,,,,,EMMS/Presbyterian,Born,EP Mission,,,,30,53,24,6,China,,
Benjamin,Eveline Rosetta,Eveline Rosetta Benjamin,Shoe manufacturer,Manufacturer,Cohen,Diamond merchant,Merchant,Yes,2 Nov 1879,1879,Sydney,NSW,Q3130,Australia,Empire,Australia,Oth/Oth,Jewish,,1922,Somerset,,England,1898,ESMW2,Edinburgh,Scotland,1909,Edinburgh,Edinburgh,,,,,,,London,London,,,,,,,,,,Malta,Malta,,30,43,19,11,"1898 Melbourne, 1905 Edinburgh",,
Bennett,Agnes Elizabeth Lloyd,Agnes Elizabeth Lloyd Bennett,Engineer & Surveyor,Engineer,,,,Yes,24 Jun 1872,1872,Sydney,NSW,Q3130,Australia,Empire,Ireland/England,Ir/Engl,Anglican,,1960,NZ,,Australasia,1891,EMCW,Edinburgh,Scotland,1899,Edinburgh,Edinburgh,MD Ed 1911,,,,,,NZ,NZ,,,,,,,,,,America Unit 4-Aug-16 1-Sep-17,SWHFS,,27,88,19,8,"1891 Sydney, 1896 Edinburgh, Australian Dictionary",,
Bennett,Constance Agnes,Constance Agnes Bennett,Solicitor,"Legal, accounts,para-legal",Stoker,Doctor,Medical,Yes,,1880,Arbroath,Central Scotland,Q630668,Scotland,Scotland,Scotland,Scot/Scot,CoI,,1945,Hertfordshire,,England,1897,St Andrews & EMCW,Edinburgh,Scotland,1902,Edinburgh,Edinburgh,,,,Arbroath,Dublin,,,,,,,,,,,,,,,,22,65,17,5,,,
Bignold,Mary Florence,Mary Florence Bignold,Customs Officer,Government official,,,,Yes,,1883,Kent,SE England,,England,England,England,Eng/Eng,Presbyterian,,1966,Sussex,,England,1902,EMCW,Edinburgh,Scotland,1907,Edinburgh,Edinburgh,,,,,,,Edinburgh,Edinburgh,Edinburgh,NS,NS,,,,,,,"Valjevo 1-Apr-15 1-Sep-15, Malta",SWHFS & Malta,,24,83,19,5,Could have gone to school in Ayr,113.8,
Bird,Harriet Amelia Scott,Harriet Amelia Scott Bird,Minister CoE,Minister,MacKenna,Doctor,Medical,Yes,,1864,Durham,North of England,,England,England,Anglo-Indian,SA/SA,Anglican,,1934,Liverpool,,England,1893,ESMW,Edinburgh,Scotland,1898,Edinburgh,Edinburgh,,,,NIP,NIP,,,,Liverpool,NS,NS,,,,No,Father born,,,,,34,70,29,5,,,
Birnie,Charlotte Murdoch,Charlotte Murdoch Birnie,Distiller & Farmer,Retail,Van Marle,Art historian,Teacher,Yes,,1889,Inverness,Highlands & Islands,,Scotland,Scotland,Scotland,Scot/Scot,,,1957,Italy,,Europe,1906,EMCW,Edinburgh,Scotland,1911,Edinburgh,Edinburgh,,,,,,,Inverness,Scotland,Inverness,NS,NS,,,,,,,,,,22,68,17,5,,,
Blackwood,Catherine Mabel,Catherine Mabel Blackwood,Silk merchant,Merchant,Edgerley,Doctor,Medical,Yes,,1868,Edinburgh,SE Scotland,Q23436,Scotland,Scotland,Scotland/England,Scot/Engl,Anglican,,1946,Yorkshire,,England,1887,ESMW,Edinburgh,Scotland,1894,Edinburgh,Triple,,,Sheffield,,,,,,Leeds,NS,NS,,,,No,,,,,,26,78,19,7,,,
Bolotine,Vera Nicolaevna,Vera Nicolaevna Bolotine,Merchant,Merchant,,,,Yes,,1889,Samara,Russia,,Russia,Other,Russian,Oth/Oth,,,A1913,NK,,NK,1908,St Andrews & EMCW,Edinburgh,Scotland,1913,Edinburgh,Edinburgh,,,,,,,,,,,,,,,,,,,,,24,,19,5,,,
Bond,Emma,Emma Bond,Draper,Retail,Taylor,Doctor,Medical,Yes,,1863,Accrington,NW England,Q1622949,England,England,England,Eng/Eng,Anglican,,A1954,,,,1894,ESMW & EMCW,Edinburgh,Scotland,1902,Edinburgh,Triple,,,,,Sierra Leone,,,,,,,,,,,,,,,,39,#VALUE!,31,8,,,
Booth,Mary Ross,Mary Ross Booth,Teacher,Teacher,,,,Yes,9 Jul 1869,1869,Burwood,NSW,Q1061925,Australia,Empire,Ireland/Australia,Ir/Oth,Anglican,,1956,NSW,,Australasia,1894,Melbourne & Ed,Edinburgh,Scotland,1899,Edinburgh,Edinburgh,,,,,,,Australia,Australia,,,,,,,,,,,,,30,87,25,5,1894 Melbourne 1895 UK,,
Brodie,Margaret Grant Campbell,Margaret Grant Campbell Brodie,"E India, S America and W Indies Merchant",Merchant,MacNicol,Missionary,Minister,Yes,,1872,London,London,Q84,England,England,Scotland,Scot/Scot,Presbyterian,,1945,Edinburgh,,Scotland,1893,ESMW,Edinburgh,Scotland,1898,Edinburgh,Triple,,,,,Nagpur,,Poona,India,,,,,,,UFCofSM,Worked Nagpur & Poona,,,,,26,73,21,5,,,
Brook,Elizabeth Hamilton,Elizabeth Hamilton Brook,Goldsmith & Jeweller,Retail,,,,Yes,,1880,Edinburgh,SE Scotland,Q23436,Scotland,Scotland,Scotland,Scot/Scot,,,1947,Edinburgh,,Scotland,1899,EMCW,Edinburgh,Scotland,1906,Edinburgh,Edinburgh,,,,,Edinburgh,,Edinburgh,Edinburgh,,,,,,,,,,Mladanovatz 1-Mar-15 1-Nov-15,SWHFS,17349,26,67,19,7,,109.4,
Brown,Caroline Golfina Maud,Caroline Golfina Maud Brown,Civil Engineer,Engineer,Carwithen,Indian Army,Armed forces,Yes,,1875,Greenwich,SE England,,England,England,Scotland/England,Scot/Engl,Anglican,,1967,Hampshire,,England,1896,EMCW,Edinburgh,Scotland,1901,Edinburgh,Edinburgh,,,,Burntisland,Avonbridge,,,,,,,,,,,"Worked, Punjab",,,,,26,92,21,5,,,
Brown,Edith Cochrane,Edith Cochrane Brown,Merchant,Retail,Pitts,Surgeon,Medical,Yes,,1877,Dundee,Central Scotland,Q123709,Scotland,Scotland,Scotland,Scot/Scot,Anglican,,1953,NZ,,Australasia,1898,EMCW,Edinburgh,Scotland,1903,Edinburgh,Edinburgh,CDTC,,,NZ,NZ,,NZ,NZ,,,,,,,,,,,,,26,76,21,5,,,
Brown,Mary,Mary Brown,Manager Woollen Spinning Mill,Commerce,Purdie,Doctor,Medical,Yes,12 Apr 1882,1882,Melbourne,Australia,Q3141,Australia,Empire,Scotland/Australia,Scot/Oth,Anglican,,1960,Yorkshire,,England,1900,EMCW,Edinburgh,Scotland,1906,Edinburgh,Edinburgh,,,,,Lanark,,Selkirk,Scotland,Selkirk,NS,NS,,,,,,,,,,24,78,18,6,,111.6,
Buyers,Sarah Ellice,Sarah Ellice Buyers,Mechanical Engineer,Engineer,Eve,Doctor,Medical,Yes,,1885,Shanghai,China,,China,Other,Anglo-Indian,SA/SA,,,1966,Berkshire,,England,1903,EMCW,Edinburgh,Scotland,1909,Edinburgh,Edinburgh,,,,,,,,,,,,,,,,Parents born,,,,,24,81,18,6,All grandparents born in Scotland,108.3,
Cadell,Grace Ross,Grace Ross Cadell,Landowner,Landowner & Gentleman,,,,Yes,25 Oct 1855,1855,Carriden,SE Scotland,,Scotland,Scotland,Scotland,Scot/Scot,Presbyterian,,1918,Edinburgh,,Scotland,1884,"ESMW, LSMW & EMCW",Edinburgh,Scotland,1891,Edinburgh,Triple,,,,,Leith,,,,Edinburgh,Surgeon/Obstetrician,"EHWC, Hospice",,,,,,,,,,36,63,29,7,,,
Calderwood,Mary Lucinda,Mary Lucinda Calderwood,Doctor,Medical,Gordon,Industrialist & JP,Manufacturer,Yes,,1879,Cumberland,NW England,,England,England,Scotland/England,Scot/Engl,,,1911,Inverness,,Scotland,1897,EMCW,Edinburgh,Scotland,1903,Edinburgh,Triple,,,,,Cumberland,,,,,,,,,,,,,,,,24,32,18,6,,,
Cameron,Isabella Douglas,Isabella Douglas Cameron,Schoolmaster,Official,,,,Yes,,1875,Perthshire,Central Scotland,,Scotland,Scotland,Scotland,Scot/Scot,,,1945,Edinburgh,,Scotland,1893,EMCW,Edinburgh,Scotland,1898,Edinburgh,Edinburgh,,,,,Edinburgh,,,,Edinburgh,,"MO & Teacher, Teacher TC",,,,,,,,,,23,70,18,5,,,
Cardozo,Elizabeth Mary,Elizabeth Mary Cardozo,Judge,"Legal, accounts,para-legal",,,,Yes,16 May 1873,1873,Midnapore,India,,India,India & Ceylon,Anglo-Indian,SA/SA,Catholic,,1944,Surrey,,England,1893,Calcutta & EMCW,Edinburgh,Scotland,1902,Edinburgh,Triple,,,,,Tirhoot,,,,,,,,,,Dufferin,"Born & Worked, Bengal",,,,,29,71,20,9,EMCW from 1901,,
Carr,Mary Brice,Mary Brice Carr,Landowner,Landowner & Gentleman,,,,Yes,4 Sep 1867,1867,Northumberland,North of England,,England,England,England,Eng/Eng,Anglican,,1936,Lancashire,,England,1895,EMCW,Edinburgh,Scotland,1904,Edinburgh,Triple,,,,,Durham,,,,,,,,,,,,,,,,37,69,28,9,,,
Cathels,Jean Gardner,Jean Gardner Cathels,Presbyterian Minister,Minister,Johnstone,Doctor,Medical,Yes,,1885,Roxburghshire,SE Scotland,,Scotland,Scotland,Scotland,Scot/Scot,Presbyterian,,1948,Lanarkshire,,Scotland,1903,EMCW,Edinburgh,Scotland,1908,Edinburgh,Edinburgh,,,,,,,,,Edinburgh,NS,NS,,,,,,,,,,23,63,18,5,,110.5,
Cathels,Mildred Margaret Lindsay,Mildred Margaret Lindsay Cathels,Presbyterian Minister,Minister,,,,Yes,,1882,Roxburghshire,SE Scotland,,Scotland,Scotland,Scotland,Scot/Scot,Presbyterian,,1976,Edinburgh,,Scotland,1899,EMCW,Edinburgh,Scotland,1904,Edinburgh,Edinburgh,,,,,,,,,Helensburgh,,SMO,,,,,,,,,,22,94,17,5,,73.1,
Chesney,Lilian Mary,Lilian Mary Chesney,Military Engineer & MP,Engineer,,,,Yes,,1869,Middlesex,London,,England,England,England/Anglo-Indian,Eng/SA,Anglican,,1935,Spain,,Europe,1895,EMCW,Edinburgh,Scotland,1899,Edinburgh,Edinburgh,,,,,London,,,,,,,,,,No,Sister born in India,,London Unit 30-Aug-16 1-Sep-17 and 20-Feb-19 1-Mar-19,SWHFS,,30,66,26,4,,,
Chose,Anna,Anna Chose,Grain merchant,Retail,Chose,Metallurgial engineer,Engineer,Yes,,1887,Liebau,Europe,,Russia,Other,Russian,Oth/Oth,Jewish,,1966,London,,England,1906,ESMW2,Edinburgh,Scotland,1911,Edinburgh,Edinburgh,,,,,,,,,,,,,,,,,,,,,24,79,19,5,,,
Christie,Elizabeth Blackburn,Elizabeth Blackburn Christie,Chemist & Dentist,Paramedical,Ferguson,Missionary,Minister,Yes,,1868,Glasgow,West of Scotland,Q4093,Scotland,Scotland,Scotland,Scot/Scot,Presbyterian,,1901,Taiwan,,Asia,1887,ESMW,Edinburgh,Scotland,1891,Edinburgh,Triple,,,Formosa,Dead,Dead,,Dead,Dead,Dead,Dead,Dead,Dead,Dead,Dead,EP Mission China,,"Worked, Taiwan",,,,23,33,19,4,,,
Clark,Katharine Jane Stark,Katharine Jane Stark Clark,Free Church Minister,Minister,,,,Yes,,1866,Kirkcudbright,SW Scotland,,Scotland,Scotland,Scotland,Scot/Scot,presbyterian,,1958,Edinburgh,,Scotland,1898,EMCW,Edinburgh,Scotland,1903,Edinburgh,Edinburgh,CDTC,,,Edinburgh,Edinburgh,,,,Edinburgh,,SMO,,,,,,,RAMC 1917-19,RAMC,21551,37,92,32,5,,,
Clark,Lizzie Mackay Smith,Lizzie Mackay Smith Clark,Solicitor,"Legal, accounts,para-legal",,,,Yes,,1879,Edinburgh,SE Scotland,Q23436,Scotland,Scotland,Scotland,Scot/Scot,,18407,1950,Buckinghamshire,,England,1896,EMCW,Edinburgh,Scotland,1910,Edinburgh,Edinburgh,,,,,,,,,Durham,Ophthalmology,"AMO, Union Infirmary",Harley Street,Ophthalmology,Multiple,,,,,,,31,71,17,14,,,
Coghill,Agnes Irene Sinclair,Agnes Irene Sinclair Coghill,Doctor,Medical,Coghill,Merchant,Merchant,Yes,,1872,Thurso,Highlands & Islands,,Scotland,Scotland,Scotland,Scot/Scot,,,1904,Liverpool,,England,1891,ESMW,Edinburgh,Scotland,1897,Edinburgh,Edinburgh,,,Liverpool,Dead,,,,Dead,Dead,Dead,Dead,Dead,Dead,Dead,No,,,,,,25,32,19,6,,,
Coghill,Violet Alice Penrose,Violet Alice Penrose Coghill,Baronet,Landowner & Gentleman,,,,Yes,8-Feb-1868,1868,Cork,Munster,,Ireland,Ireland,Ireland,Ir/Ir,CoI,,1951,Surrey,,England,1895,EMCW,Edinburgh,Scotland,1900,Edinburgh,Edinburgh,,,,,Birmingham,,Birmingham,England,Birmingham,Anatomy,University of Birmingham,London,Anatomy,Multiple,,,,,,,32,83,27,5,,,
Cohen,Marjorie Duake,Marjorie Duake Cohen,Rabbi,Minister,Harcourt,,,Yes,24 Jan 1875,1875,Calcutta,India,Q1348,India,India & Ceylon,Syrian-Indian,SA/SA,Jewish,,1929,London,,England,1900,EMCW,Edinburgh,Scotland,1906,Edinburgh,Edinburgh,,,,,,,Australia,Australia,,,,,,,,Born,,,,,31,54,25,6,,,
Colby,Elizabeth Lucy,Elizabeth Lucy Colby,Chemical Engineer,Engineer,McLaren,Doctor,Medical,Yes,27 May 1874,1874,Surrey,SE England,,England,England,Ireland/England,Ir/Engl,Anglican,,1960,Salisbury,,England,1896,LMSW & EMCW,Edinburgh,Scotland,1903,Edinburgh,Edinburgh,,,,,Edinburgh,,Travelling,NS,Wolverhampton,NS,NS,Wolverhampton,Infant,NS,,,,,,,29,86,22,7,,,
Collett,Edith Grace,Edith Grace Collett,"Judge, ICS","Legal, accounts,para-legal",,,,Yes,18 Jul 1869,1869,Madras,India,,India,India & Ceylon,England,Eng/Eng,Anglican,,1927,Italy,,Europe,1888,ESMW,Edinburgh,Scotland,1892,Edinburgh,Triple,,,,Edinburgh,Edinburgh,,Edinburgh,Edinburgh,,,,,,,,Born,,,,,23,58,19,4,,,
Cook,Gladys Hope,Gladys Hope Cook,Accountant,"Legal, accounts,para-legal",Lancaster,,,Yes,,1884,Edinburgh,SE Scotland,Q23436,Scotland,Scotland,Scotland,Scot/Scot,,26357,1972,Edinburgh,,Scotland,1903,EMCW,Edinburgh,Scotland,1910,Edinburgh,Edinburgh,,,,,,,,,Birmingham,NS,MO Cadbury works,Leicester,NS,"ASMO, Leicester City",,,,,,,26,88,19,7,,105,
Cook,Lilian,Lilian Cook,Timber Merchant,Retail,Warnshuis,Minister,Minister,Yes,3 May 1887,1887,Inverness,Highlands & Islands,,Scotland,Scotland,Scotland,Scot/Scot,Presbyterian,,1985,USA,,America,1906,EMCW,Edinburgh,Scotland,1911,Edinburgh,Edinburgh,,,,,,,,,Inverness,NS,NS,New York,NS,NS,Yes,"Worked, Vellore",,,,,24,98,19,5,,100.16,
Copeland,Paula Theodora,Paula Theodora Copeland,Astronomer,Education,,,,Yes,2 May 1876,1877,Dublin,Leinster,,Ireland,Ireland,England/Germany,Eng/Oth,Anglican,,1918,Edinburgh,,Scotland,1896,EMCW,Edinburgh,Scotland,1902,Edinburgh,Edinburgh,,,,,,,Lahore,India,Lahore,NS,Dufferin Hospital,Dead,Dead,Dead,Dufferin,"Worked, Punjab",,,,,25,41,19,6,,,
Cormack,Anne Kelly,Anne Kelly Cormack,Bank Agent,,,,,Yes,22 Jun 1891,1891,Campbelltown,SW Scotland,,Scotland,Scotland,Scottish,Sco/Sco,,13-Mar-71,1971,Crieff,,Central Scotland,,Glasgow/Edinburgh,Edinburgh,Scotland,1916,,,,,,,,,,,,,,,,,,,,,,,,,,,,,
Cousins,Agnes Lillie,Agnes Lillie Cousins,Independent Minister,Minister,Stewart,Missionary,Minister,Yes,11 Oct 1869,1869,Madagascar,Africa,,Madagascar,Other,England,Eng/Eng,Congregational,,1940,London,,England,1891,EMCW,Edinburgh,Scotland,1895,Edinburgh,Triple,,,,Hankow,China,,,,China,NS,"MO, Girls' School",,,,EMMS/LMS,,LMS,,,,26,71,22,4,,,
Cowan,Agnes Marshall,Agnes Marshall Cowan,Iron Merchant,Retail,,,,Yes,,1880,Edinburgh,SE Scotland,Q23436,Scotland,Scotland,Scotland,Scot/Scot,Presbyterian,,1940,Cambridge,,England,1900,EMCW,Edinburgh,Scotland,1906,Edinburgh,Edinburgh,,,,,Edinburgh,,China,China,,,,,,,UFC,,Worked,,,14885,26,60,20,6,Grandfather Free Church Minister in West Indies,,
Coxon,Beatrice,Beatrice Coxon,Farmer,Farmer,Rogers,CoE Minister,Minister,Yes,16 Jun 1885,1885,Northumberland,North of England,,England,England,England,Eng/Eng,Anglican,,1972,Somerset,,England,1904,ESMW2,Edinburgh,Scotland,1909,Edinburgh,Triple,,,,,,,London,London,,,,,,,,,,"Serbia, Malta",SWHFS & Malta,,24,87,19,5,Husband trained as a doctor after marriage,,
Craig,Effie Marion Douglas,Effie Marion Douglas Craig,Chemist & Aerated water,Paramedical,,,,Yes,,1877,Hawick,SE Scotland,,Scotland,Scotland,Scotland,Scot/Scot,,,1964,London,,England,1905,EMCW,Edinburgh,Scotland,1912,Edinburgh,Edinburgh,,,,,,,,,,,,,,,,,,Malta and Salonika 17-9-16 to 28-2-19,Malta,,35,87,28,7,,,
Craig,Jane Alice,Jane Alice Craig,Independent Minister,Minister,Latchmore,Bank manager,officer,Yes,10 Jan 1876,1876,Glasgow,West of Scotland,Q4093,Scotland,Scotland,Scotland/England,Scot/Engl,Congregational,,1953,Leeds,,England,1893,EMCW,Edinburgh,Scotland,1898,Edinburgh,Edinburgh,,,,,Worksop,,Halifax,England,Halifax,NS,NS,Halifax,MCW,MO,,,,,,,22,77,17,5,,,
Creaser,Emilie Constance,Emilie Constance Creaser,Builder,Builder,,,,Yes,1 Oct 1883,1883,"Louth, Ireland",Leinster,,Ireland,Ireland,England/Ireland,Eng/Ir,Methodist,,1966,Gloucester,,England,1903,EMCW,Edinburgh,Scotland,1908,Edinburgh,Edinburgh,,,,,,,Drogheda,Ireland,Cardiff,DPH,AMOH & ASMO Cardiff,London,DPH,MO Min of Health,,,,,,,25,83,20,5,,,
Cripps,Lucy Davis,Lucy Davis Cripps,Merchant,Merchant,Hopkins,Civil servant,officer,Yes,15 Aug 1887,1887,Madras,India,,India,India & Ceylon,Anglo-Indian,SA/SA,Anglican,,1960,London,,England,1907,ECMW,Edinburgh,Scotland,1912,Edinburgh,Edinburgh,,,,,,,,,Edinburgh,NS,NS,,,,,Born,,,,,25,73,20,5,Married british civil servant,73.1,
Crowther,Faith Philpot,Faith Philpot Crowther,Stationer,Retail,Laurence,Merchant,Merchant,Yes,12 Jul 1868,1869,London,London,Q84,England,England,England,Eng/Eng,,,1913,California,,America,1893,EMCW,Edinburgh,Scotland,1898,Edinburgh,Edinburgh,,,,China,Singapore,,New York,USA,Dead,Dead,Dead,Dead,Dead,Dead,EMMS,,"Worked, China",,,,29,44,24,5,,,
Cumming,Euphemia Leslie,Euphemia Leslie Cumming,Wine Merchant & Farmer,Retail,Stoker,Engineer,Engineer,Yes,1 Dec 1864,1864,Edinburgh,SE Scotland,Q23436,Scotland,Scotland,Scotland,Scot/Scot,,,1906,London,,England,1892,EMCW,Edinburgh,Scotland,1899,Edinburgh,Triple,,,,,,,,Dead,Dead,Dead,Dead,Dead,Dead,Dead,No,,,,,,35,42,28,7,,,
Cunningham,Barbara Martin,Barbara Martin Cunningham,Farmer,Farmer,MacEwan,Doctor,Medical,Yes,,1877,Ayrshire,SW Scotland,,Scotland,Scotland,Scotland/Ireland,Scot/Ir,,,1959,Edinburgh,,Scotland,1896,EMCW,Edinburgh,Scotland,1901,Edinburgh,Edinburgh,,,,,Hawick,,Nagpur,India,London,DPH,NHI Commission,London,DPH,MO Min of Health,Dufferin,"Worked, CP",,Malta,Malta,,24,82,19,5,,,
Curr,Isabella Hardie,Isabella Hardie Curr,Linen Manufacturer,Manufacturer,,,,Yes,28 Oct 1867,1867,Auchtermuchty,Central Scotland,Q758624,Scotland,Scotland,Scotland,Scot/Scot,,,1944,Fife,,Scotland,1891,ESMW,Edinburgh,Scotland,1895,Edinburgh,Triple,,,Jaffna,,,,Ceylon,Ceylon,Ceylon,NS,Mission Hospital,,,,Amer B of FM,"Worked, Ceylon",,,,,28,77,24,4,"LRCP&S Ed. OBE. For 42 years in charge of the McLeod Hospital , Ceylon: Wesleyan Mission",,
Davidson,Davidina Roberta Jeanette,Davidina Roberta Jeanette Davidson,Headmaster,Teacher,Campbell,Civil servant,officer,Yes,,1882,Falkirk,Central Scotland,,Scotland,Scotland,Scotland,Scot/Scot,Presbyterian,,1968,Greenock,,Scotland,1900,EMCW,Edinburgh,Scotland,1906,Edinburgh,Edinburgh,,,,,,,Falkirk,Scotland,Stirlingshire,DPH,ASMO,Renfrewshire,DPH,NS,,,,Kraguievatz 1-Jul-15 12-Feb-16,SWHFS,,24,86,18,6,http://smsec.rcpe.ac.uk/registration-form/campbell-davidina-roberta-f-davidson,86.12,
Davidson,Georgina Elizabeth,Georgina Elizabeth Davidson,Presbyterian Minister,Minister,,,,Yes,,1887,Edinburgh,SE Scotland,Q23436,Scotland,Scotland,Scotland,Scot/Scot,Presbyterian,,1960,Fife,,Scotland,1908,ESMW2,Edinburgh,Scotland,1914,Edinburgh,Edinburgh,,,,,,,,,,,,,,,,,,SWHFS & RAMC Malta,SWHFS & Malta,,27,73,21,6,,,
Davidson,Margaret Esther,Margaret Esther Davidson,Income Tax Inspector,Government official,Mitchell,Minister,Minister,Yes,14 Nov 1884,1884,Broughty Ferry,Central Scotland,Q459773,Scotland,Scotland,Scotland,Scot/Scot,Presbyterian,27099,1974,Perthshire,,Scotland,1902,EMCW,Edinburgh,Scotland,1908,Edinburgh,Edinburgh,,,,,,,,,Peebles,NS,NS,,,,,,,,,,24,90,18,6,,113.8,
Davidson,May Feodora Walshe,May Feodora Walshe Davidson,Doctor,Medical,Bourhill,Doctor,Medical,Yes,9 Aug 1885,1885,London,London,Q84,England,England,Ireland,Ir/Ir,Anglican,22987,1962,Lancashire,,England,1906,EMCW,Edinburgh,Scotland,1913,Edinburgh,Edinburgh,,,,,,,,,Wolverhampton,NS,NS,Wrexham,NS,Retired,,,,,,,28,77,21,7,,,
Davies,Katherine Charis,Katherine Charis Davies,Teacher and Independent Minister,Minister,,,,Yes,21 Mar 1875,1875,Anglesey,Wales,Q3401012,Wales,Wales,Wales,Eng/Eng,Congregational,,1949,Anglesey,,Wales,1893,N Wales & EMCW,Edinburgh,Scotland,1902,Edinburgh,Triple,,,,,N Wales,,,,Cheshire,NS,MO Elem Teachers Act,Cheshire,NS,MO Elem Teachers Act,,,,,,,27,74,18,9,,,
Davies,Laura Katharine,Laura Katharine Davies,Auctioneer,Commerce,Horne,Doctor,Medical,Yes,,1876,Dolgellau,Wales,,Wales,Wales,Wales,Eng/Eng,Anglican,,1967,Dorset,,England,1908,ESMW2,Edinburgh,Scotland,1913,Edinburgh,Edinburgh,,,,,,,,,W Lothian,NS,NS,Poole,Psychiatry,NS,,,,"Ed Mental Hospital and War Hospital, Bangour",War hospitals,,37,91,32,5,,,
Davies,Lucy Eveline,Lucy Eveline Davies,Cotton manager,Commerce,Lindeman,Art historian,Teacher,Yes,,1883,Lancashire,NW England,,England,England,England/American,Eng/Oth,,,1972,Netherlands,,Europe,1904,ESMW2,Edinburgh,Scotland,1910,Edinburgh,Edinburgh,,,,,,,,,,,,,,,,,,,,,27,89,21,6,,,
Davies,Mary Birrell,Mary Birrell Davies,Fish curer,Manufacturer,,,,Yes,,1864,Liverpool,NW England,,England,England,England,Eng/Eng,Presbyterian,,1917,Liverpool,,England,1894,EMCW,Edinburgh,Scotland,1899,Edinburgh,Triple,,,,,Liverpool,,,,Liverpool,NS,"HMO, Liverpool Women's Prison",,,,,,,,,,35,53,30,5,,,
Dewes,Ursula Mary,Ursula Mary Dewes,CoE Minister,Minister,Fowler,Zoologist,Teacher,Yes,,1867,Pendlebury,NW England,,England,England,England,Eng/Eng,Anglican,,1912,London,,England,1890,LSMW & EMCW,Edinburgh,Scotland,1894,Edinburgh,Triple,,,,Manchester,Manchester,,Manchester,England,,,,,,,No,,,,,,27,45,23,4,,,
Dickie,Jemima Brown,Jemima Brown Dickie,Wine and Spirit Merchant,Retail,Ratcliffe,Doctor,Medical,Yes,,1884,"Dumfries, Dumfries-shire",SW Scotland,Q652035,Scotland,Scotland,Scotland/England,Scot/Engl,Anglican,,1949,Essex,,England,1904,ESMW2,Edinburgh,Scotland,1910,Edinburgh,Edinburgh,,,,,,,,,,,,,,,,,,,,,26,65,20,6,,79.16,
Dickson,Margaret Scott,Margaret Scott Dickson,Fisherman,Manual,,,,Yes,,1872,Cockenzie,SE Scotland,,Scotland,Scotland,Scotland,Scot/Scot,,,1956,Edinburgh,,Scotland,1895,St Andrews & EMCW,Edinburgh,Scotland,1902,Edinburgh,Edinburgh,,,,,St Andrews,,,,,,,,,,,,,,,,30,84,23,7,,,
Doak,Janet Sloan,Janet Sloan Doak,Free Church Minister,Minister,Roberts,CoE Minister,Minister,Yes,,1887,Aberdeen,NE Scotland,Q36405,Scotland,Scotland,Scotland,Scot/Scot,Presbyterian,,1974,New Galloway,,Scotland,1907,EMCW,Edinburgh,Scotland,1912,Edinburgh,Edinburgh,,,,,,,,,Bradford,NS,AMO Infant clinic,Bedford,NS,NS,,,,,,,25,87,20,5,,,
Dodds,Mary Janet,Mary Janet Dodds,Presbyterian Minister,Minister,,,,Yes,,1869,Paisley,West of Scotland,,Scotland,Scotland,Scotland,Scot/Scot,Presbyterian,,1947,Edinburgh,,Scotland,1890,ESMW & EMCW,Edinburgh,Scotland,1895,Edinburgh,Triple,,,,Poona,Poona,,,India,Edinburgh,NS,NS,Edinburgh,NS,NS,CoS Medical Mission,"Worked, Bombay",,,,"OBE, DCS",26,78,21,5,,,
Douglas,Marguerite Alice Christian,Marguerite Alice Christian Douglas,Doctor,Medical,Douglas-Drummond,Doctor,Medical,Yes,,1881,Cape Town,South Africa,,South Africa,Empire,England/Scotland,Eng/Scot,Presbyterian,,1955,Cape Town,,Africa,1898,EMCW,Edinburgh,Scotland,1908,Edinburgh,Triple,,,,,,,Manchester,England,Manchester,NS,"MO to midwives, Manchester Council",Manchester,NS,AMO Manchester,,,,,,,27,74,17,10,,,
Dreaper,Adelaide Anna,Adelaide Anna Dreaper,Gentleman,Landowner & Gentleman,Renshaw,Dentist,Paramedical,Yes,29 May 1872,1872,Kilkenny,Leinster,,Ireland,Ireland,Ireland,Ir/Ir,Anglican,16198,1944,London,,England,1904,EMCW,Edinburgh,Scotland,1909,Edinburgh,Edinburgh,,,,,,,,,,,,,,,,,,,,16346,37,72,32,5,,,
Duggan,Jeanie Grant Reid,Jeanie Grant Reid Duggan,AMD,Medical,,,,Yes,,1869,Edinburgh,SE Scotland,Q23436,Scotland,Scotland,Anglo-Indian/Scotland,SA/Scot,Catholic,,1899,India,,S Asia,1888,EMCW,Edinburgh,Scotland,1895,Edinburgh,Triple,,,Sind,,,,,Dead,Dead,Dead,Dead,Dead,Dead,Dead,Dufferin,"Worked, Hyderabad",,,,,26,30,19,7,,,
Dykes,Helen Campbell,Helen Campbell Dykes,Dentist,Paramedical,Crew,Doctor,Medical,Yes,20 Apr 1888,1888,"Dumfries, Dumfries-shire",SW Scotland,Q652035,Scotland,Scotland,Scotland,Scot/Scot,,,1971,Kent,,England,1906,EMCW,Edinburgh,Scotland,1912,Edinburgh,Edinburgh,,,,,,,,,Devon,NS,GP,Stourbridge,NS,NS,,,,,,,24,83,18,6,,,
Ebden,Alice Mary,Alice Mary Ebden,"Colonel, Bombay SC",Army Officers,Newton,Doctor,Medical,Yes,3 Jul 1878,1878,Mhow,India,,India,India & Ceylon,England,Eng/Eng,Presbyterian,,1965,Surrey,,England,1898,EMCW,Edinburgh,Scotland,1903,Edinburgh,Edinburgh,,,,Punjab,,,,,,,,,,,,"Born & Worked, Punjab",,,,,24,86,19,5,,,
Elphinstone,Isabella Ann Jamieson,Isabella Ann Jamieson Elphinstone,Baker,Retail,Bremner,doctor,Medical,Yes,,1891,Edinburgh,SE Scotland,Q23436,Scotland,Scotland,England/Scotland,Eng/Scot,,,1972,Edinburgh,,Scotland,1908,ESMW2,Edinburgh,Scotland,1913,Edinburgh,Edinburgh,,,,,,,,,Edinburgh,DPH,NS,Sheffield,DPH,MO Infant Welfare,,,,,,,22,81,17,5,,85.1,
Emslie,Isabella Galloway,Isabella Galloway Emslie,Advocate,"Legal, accounts,para-legal",Hutton,Army Officer,Armed forces,Yes,10 Sep 1887,1887,Edinburgh,SE Scotland,Q23436,Scotland,Scotland,Scotland,Scot/Scot,Presbyterian,,1960,London,,England,1905,EMCW,Edinburgh,Scotland,1910,Edinburgh,Edinburgh,MD Ed 1912,,,,,,,,Edinburgh,AMO,Asylum,,,,,"Worked, India, 1936-46",,America Unit 13-Aug-18 1-Oct-19 [Dates suspect ],SWHFS,22007,23,73,18,5,,101.17,
Engineer,Jalibai Bomanji Sorabji,Jalibai Bomanji Sorabji  Engineer,NK,NK,,,,Yes,,1880,Hyderabad,India,,India,India & Ceylon,Indian,SA/SA,Parsi,,A1918,India,,S Asia,1901,Bombay & EMCW,Edinburgh,Scotland,1906,Edinburgh,Triple,Bombay,,,,,,,,,,,,,,,"Born & worked, Bombay",,,,,26,#VALUE!,21,5,UK from 1904,,
Erskine,Elizabeth Marianne,Elizabeth Marianne Erskine,Lithographer,Artist,,,,Yes,18 Aug 1870,1870,Govan,West of Scotland,,Scotland,Scotland,Scotland/England,Scot/Engl,,,1942,Edinburgh,,Scotland,1889,ESMW,Edinburgh,Scotland,1894,Edinburgh,Triple,,,Edinburgh,Edinburgh,Edinburgh,,Edinburgh,Edinburgh,Edinburgh,Physician,EHWC,,,,No,,,,,15523,24,72,19,5,"Lived in Trinity, Edinburgh all her life from age 10 at least",,
Ewan,Elizabeth Latto,Elizabeth Latto Ewan,Free Church Minister,Minister,Gibb,Doctor,Medical,Yes,19 Jan 1875,1875,Fyvie,NE Scotland,Q68815556,Scotland,Scotland,Scotland,Scot/Scot,Presbyterian,,1965,Aberdeen,,Scotland,1891,EMCW,Edinburgh,Scotland,1895,Edinburgh,Triple,,,,,Aberdeen,,Aberdeen,Scotland,Aberdeen,NS,NS,NS,NS,NS,No,,,,,,20,90,16,4,,,
Fairfield,Josephine Letitia Denny,Josephine Letitia Denny Fairfield,Journalist,Official,,,,Yes,10 Mar 1885,1885,Melbourne,Victoria,Q3141,Australia,Empire,Ireland/Scotland,Ir/Scot,,,1978,London,,England,1902,EMCW,Edinburgh,Scotland,1907,Edinburgh,Edinburgh,,,,,,,London,London,,,,,,,,,,,,28581,22,93,17,5,,111.6,
Fergus,Annie Grange,Annie Grange Fergus,Engineer,Engineer,McIlroy,Planter,Farmer,Yes,,1881,Dunedin,New Zealand,,New Zealand,Empire,Scotland,Scot/Scot,Presbyterian,,1962,Suffolk,,England,1903,ESMW2,Edinburgh,Scotland,1910,Edinburgh,Edinburgh,,,,,,,,,,,,FMS,NS,FMSMS,,,,Malta,Malta,,29,81,22,7,"1903 Otago, 1905 UK; worked in Malaysia",,
Ferguson,Mary Olivia,Mary Olivia Ferguson,Schoolteacher,Teacher,Watson,,,,30-10-1883,1883,Fife,Central Scotland,,Scotland,Scotland,Scottish,Scot/Scot,,,,,,,1909,Dundee,Edinburgh,Scotland,1915,Edinburgh,Edinburgh,,,,,,,,,,,,,,,,,,,,,32,-1883,26,,,,
Finlayson,Mary Struthers,Mary Struthers Finlayson,Dental Surgeon,Medical,,,,Yes,,1883,Edinburgh,SE Scotland,Q23436,Scotland,Scotland,Scotland,Scot/Scot,Presbyterian,,1946,Edinburgh,,Scotland,1901,EMCW,Edinburgh,Scotland,1907,Edinburgh,Edinburgh,,,,,,,,,Edinburgh,NS,NS,,,,,,,,,,24,63,18,6,,111.6,
Fitzgerald,Eileen Josephine,Eileen Josephine Fitzgerald,Merchant,Retail,,,,Yes,,1879,Emerald HIll,Victoria,Q3965520,Australia,Empire,Ireland,Ir/Ir,CoI,,1969,Australia,,Australasia,1896,EMCW,Edinburgh,Scotland,1904,Edinburgh,Triple,,,,,Australia,,,,,,,,,,,,,,,,25,90,17,8,"1896 Melbourne, 1901 Edinburgh",,
Forbes,Helen G,Helen G Forbes,Clothier,Retail,Moffat,Teacher,Teacher,Yes,24 Jun 1883,1883,Edinburgh,SE Scotland,Q23436,Scotland,Scotland,Scotland,Scot/Scot,,,1977,Yorkshire,,England,1903,EMSW2,Edinburgh,Scotland,1908,Edinburgh,Edinburgh,,,,,,,Joppa,Edinburgh,Yorkshire,NS,ASMO,Yorkshire,DPH,ASMO East Riding,,,,,,,25,94,20,5,,112.7,
Fowler,Elspet,Elspet Fowler,Teacher,Teacher,Bursey,Army Officer,Armed forces,Yes,12 Apr 1890,1890,Stornoway,Highlands & Islands,,Scotland,Scotland,Scotland,Scot/Scot,,,1959,Cornwall,,England,1909,ESMW2,Edinburgh,Scotland,1914,Edinburgh,Edinburgh,,,,,,,,,Midlothian,NS,NS,,,,,,,,,,24,69,19,5,,107.2,
Fraser,Catherine,Catherine Fraser,Wholesale Grocer,Wholesaler,,,,Yes,25 Nov 1878,1879,Dunfermline,Central Scotland,,Scotland,Scotland,Scotland,Scot/Scot,,,1926,Dunfermline,,Scotland,1895,EMCW,Edinburgh,Scotland,1900,Edinburgh,Edinburgh,,,,,Edinburgh,,,,,,,,,,,,,,,46204,21,47,16,5,,,
Fraser later Drake,Joanna Margaret,Joanna Margaret Fraser later Drake,Photographer,Artist,,,,Yes,28 Sep 1876,1876,Dundee,Central Scotland,Q123709,Scotland,Scotland,Scotland,Scot/Scot,,,1955,Bournemouth,,England,1902,ESMW,Edinburgh,Scotland,1907,Edinburgh,Edinburgh,DTN Liverpool 1919,,,,,,Nizamabad,India,,,,,,,Wesleyan,"Worked, Hyderabad",,,,,31,79,26,5,,,
Gall,Helen Mitchell,Helen Mitchell Gall,Teacher,,,,,Yes,5 Jun 1894,1894,Loanhead,SE Scotland,,Scotland,Scotland,Scottish,Sco/Sco,,20-Jan-72,1972,Aberfeldy,,Central Scotland,,Edinburgh,Edinburgh,Scotland,1915,,,,,,,,,,,,,,,,,,,,,,,,,,,,,
Gardner,Agnes Josephine,Agnes Josephine Gardner,Free Church Minister,Minister,Cairns,Solicitor,Legal,Yes,,1879,"Macduff, Banffshire",NE Scotland,,Scotland,Scotland,Scotland,Scot/Scot,Presbyterian,,1949,Edinburgh,,Scotland,1897,EMCW,Edinburgh,Scotland,1902,Edinburgh,Edinburgh,,,,,Durham,,,,Stirlingshire,DPH,SMI,Stirlingshire,DPH,NS,,,,,,,23,70,18,5,,34.13,
Gardner,Mary Muter,Mary Muter Gardner,Grocer & Vanman,Retail,Barratt,Doctor,Medical,Yes,23 Dec 1886,1886,"Stonehouse, Lanarkshire",West of Scotland,,Scotland,Scotland,Scotland,Scot/Scot,,,1970,Harrow,,England,1904,EMCW,Edinburgh,Scotland,1909,Edinburgh,Edinburgh,,,,,,,,,,,,,,,,,,,,,23,84,18,5,,109.4,
Garvie,Beatrice,Beatrice Garvie,Manufacturer,Manufacturer,,,,Yes,9 May 1872,1872,Perth,Central Scotland,,Scotland,Scotland,Scotland,Scot/Scot,,,1959,Perthshire,,Scotland,1890,EMCW,Edinburgh,Scotland,1895,Edinburgh,Triple,,,Jaipur,Jaipur,Perthshire,,Perthshire,Scotland,Rotherham,DPH,"RMO, New Hospital",London,DPH,TB Temp AMO,UP,"Worked, Rajputana",,,,,23,87,18,5,,,
Geddes,Alexandra Mary Campbell,Alexandra Mary Campbell Geddes,Civil Engineer,Engineer,Chalmers-Watson,Doctor,Medical,Yes,31 May 1872,1872,Bombay,India,Q1156,India,India & Ceylon,Scotland,Scot/Scot,Presbyterian,,1936,Kent,,England,1891,EMCW,Edinburgh,Scotland,1896,Edinburgh,Edinburgh,MD Edinburgh,,Edinburgh,Edinburgh,Edinburgh,,Edinburgh,Edinburgh,Edinburgh,Gynaecologist,NS,Edinburgh,NS,Private practice,No,Born,,WAAC,,,24,64,19,5,Suffragette,,
Gellatly,Jessie Handyside,Jessie Handyside Gellatly,Solicitor,"Legal, accounts,para-legal",,,,Yes,7 Dec 1882,1882,Edinburgh,SE Scotland,Q23436,Scotland,Scotland,Scotland,Scot/Scot,,,1936,Cambridge,,England,1900,EMCW,Edinburgh,Scotland,1906,Edinburgh,Edinburgh,,,,,Leith,,London,,,,,,,,,,,Malta,Malta,,24,54,18,6,,,
George,Jessie Eleanore,Jessie Eleanore George,"Assistant in the Office of Messrs. Gillanders, Arbuthnot, and Co.",Official,,,,Yes,15 Dec 1873,1873,Calcutta,India,Q1348,India,India & Ceylon,Anglo-Indian,SA/SA,Anglican,,A1950,,,,1890,EMCW,Edinburgh,Scotland,1902,Edinburgh,Triple,,,,,,,Bedford,England,,,,,,,Dufferin,"Born & worked, Simla, 1920",,,,,29,#VALUE!,17,12,"1890 Calcutta, EMCW from 1900",,
Giffen,Grace Haxton,Grace Haxton Giffen,Presbyterian Minister,Minister,Dundas,Doctor,Medical,Yes,15 Jan 1872,1872,Roxburghshire,SE Scotland,,Scotland,Scotland,Scotland,Scot/Scot,Presbyterian,,1933,Middlesborough,,England,1890,ESMW & EMCW,Edinburgh,Scotland,1894,Edinburgh,Triple,"FRCSI 1901, DPH Cambridge 1901",,,,Ludhiana,,Kent,England,,,,,,,,"Worked, Punjab",,,,12420,22,61,18,4,,,
Gilchrist,Elizabeth Jane Taylor,Elizabeth Jane Taylor Gilchrist,Draper,Retail,,,,Yes,23 Oct 1863,1863,Greenock,West of Scotland,,Scotland,Scotland,Scotland,Scot/Scot,,25-Oct-19,1919,Greenock,,Scotland,1889,ESMW,Edinburgh,Scotland,1893,Edinburgh,Triple,,,Greenock,Greenock,Greenock,,Greenock,Glasgow,Greenock,NS,NS,,,,No,,,Malta,Malta,,30,56,26,4,,,
Gilfillan,Janet Dorothy,Janet Dorothy Gilfillan,East India Merchant,Merchant,,,,Yes,Oct 1872,1872,London,London,Q84,England,England,Scotland/Anglo-Indian,Scot/SA,Anglican,,1900,Edinburgh,,Scotland,1892,EMCW,Edinburgh,Scotland,1898,Edinburgh,Edinburgh,,,,,,,,Dead,Dead,Dead,Dead,Dead,Dead,Dead,No,Mother born India,,,,,26,28,20,6,,,
Gillam,Rosina Jane,Rosina Jane Gillam,Photographer,Artist,White then Stewart,Baptist Minister,Minister,Yes,22 Mar 1869,1869,Brechin,Central Scotland,,Scotland,Scotland,Scotland,Scot/Scot,Presbyterian,,1958,USA,,America,1893,EMCW,Edinburgh,Scotland,1898,Edinburgh,Triple,,,,,Leith,,,,Dumbartonshire,NS,NS,USA,NS,NS,EMMS/Ranaghat,"Worked, Bengal",,,,,29,89,24,5,,,
Gillespie,Annie,Annie Gillespie,Bank Manager,Official,,,,Yes,1 Jun 1866,1866,Newry,Ulster,,Ireland,Ireland,Ireland,Ir/Ir,Presbyterian,,1897,China,,Asia,1891,EMCW,Edinburgh,Scotland,1896,Edinburgh,Triple,,,,,,,,Dead,Dead,Dead,Dead,Dead,Dead,Dead,Presbyterian Church of Ireland,,Died in Manchuria,,,,30,31,25,5,,,
Gordon,Jean Paton,Jean Paton Gordon,Soda Water Bottler,Manufacturer,,,,Yes,11 Dec 1879,1879,Montrose,Central Scotland,,Scotland,Scotland,Scotland,Scot/Scot,,,1937,South Africa,,Africa,1897,EMCW,Edinburgh,Scotland,1904,Edinburgh,Edinburgh,CDTC,,,,Sheffield,,,,,,,,,,,,,Girton Newnham 31-May-15 1-Oct-15,SWHFS,,24,57,17,7,,,
Gorrie,Eleanor Amelia,Eleanor Amelia Gorrie,Chamberlain's Clerk,Official,,,,Yes,17 Apr 1881,1881,Dalkeith,SE Scotland,,Scotland,Scotland,Scotland,Scot/Scot,Presbyterian,,1960,Kent,,England,1899,EMCW,Edinburgh,Scotland,1907,Edinburgh,Edinburgh,,,,,Edinburgh,,London,London,,,,,,,,,,Malta,Malta,,26,79,18,8,,77.14,
Govindu Rajulu,Rose,Rose Govindu Rajulu,College bursar,Official,,,,Yes,,1866,Madras,India,,India,India & Ceylon,Indian,SA/SA,Indian Christian,,1921,Mysore,,S Asia,1883,ESMW,Edinburgh,Scotland,1894,Edinburgh,Triple,,,,,,,Bangalore,India,Bangalore,Obstetrician,Govt Hospital,Dead,Dead,Dead,Dufferin,"Born & worked, Bangalore",,,,,28,55,17,11,"1883 Madras, 1893 ESMW",,
Graham,Jessie Jane,Jessie Jane Graham,Joiner,Manual,Stooke,Doctor,Medical,Yes,4 May 1875,1875,Dunfermline,Central Scotland,,Scotland,Scotland,Scotland,Scot/Scot,Anglican,,1955,Warwickshire,,England,1894,ESMW & EMCW,Edinburgh,Scotland,1900,Edinburgh,Triple,,,,China,China,,Dunfermline,Scotland,,,,,,,CoSFM,,"Worked, I'Chang, CoS mission",,,20363,25,80,19,6,,,
Grandin,Lilian Mary,Lilian Mary Grandin,Iron Founder,Manufacturer,Dingle,Journalist,officer,Yes,25 Nov 1876 ,1876,Jersey,SW England,,England,England,Channel Islands,Eng/Eng,Methodist,,1924,China,,Asia,1899,EMCW,Edinburgh,Scotland,1904,Edinburgh,Triple,,,,,Yunnan,,China,China,China,NS,MO Medical mission,China,NS,MO Medical mission,Methodist,,Methodist,,,,28,48,23,5,,,
Greenep,Annie Carr,Annie Carr Greenep,Farmer,Farmer,,,,Yes,21 Apr 1887,1887,"Bentham, Yorks W",NE England,,England,England,England,Eng/Eng,Anglican,14892,1940,Sheffield,,England,1905,EMCW,Edinburgh,Scotland,1910,Edinburgh,Edinburgh,DPH Manchester 1913,,,,,,,,,,,,,,,,,,,14885,23,53,18,5,,,
Greenfield,Charlotte Rose,Charlotte Rose Greenfield,Professor of Pathology,Medical,,,,Yes,26 May 1879,1879,London,London,Q84,England,England,England,Eng/Eng,Presbyterian,,1973,Edinburgh,,Scotland,1898,EMCW,Edinburgh,Scotland,1905,Edinburgh,Edinburgh,,,,,Ludhiana,,Ludhiana,India,Poona,NS,Mission hospital,Poona,NS,Mission hospital,Ludhiana Z&MM,"Worked, Punjab",,,,,26,94,19,7,,,
Greig,Agnes Ranken Hutchison,Agnes Ranken Hutchison Greig,Presbyterian Minister,Minister,,,,Yes,19 Jun 1890,1890,Bombay,India,Q1156,India,India & Ceylon,Scotland/Anglo-Indian,Scot/SA,Presbyterian,26648,1972,Essex,,England,1909,ESMW2,Edinburgh,Scotland,1914,Edinburgh,Edinburgh,,,,,,,,,,,,Kanpur,NS,Dufferin hospital,Dufferin,Born & worked,,,,,24,82,19,5,,,
Gulland,Mabel Dalton,Mabel Dalton Gulland,Solicitor,"Legal, accounts,para-legal",Howell,Doctor,Medical,Yes,28 Jul 1877,1877,Fife,Central Scotland,,Scotland,Scotland,Scotland,Scot/Scot,Anglican,,1958,Harrow,,England,1896,EMCW,Edinburgh,Scotland,1902,Edinburgh,Edinburgh,,,,,London,,,,,,,,,,,,,,,,25,81,19,6,,,
Gunn,Elizabeth Catherine,Elizabeth Catherine Gunn,Ironmonger,Retail,,,,Yes,23 May 1879,1879,Dunedin,NZ,,New Zealand,Empire,Scotland,Scot/Scot,,,1963,New Zealand,,Australasia,1898,EMCW,Edinburgh,Scotland,1903,Edinburgh,Edinburgh,,,,,,,,,,,,,,,,,,,,,24,84,19,5,"1898 Otago, 1900 EMCW",51.9,
Gurney,Annie Mabel,Annie Mabel Gurney,Timber Merchant,Retail,,,,Yes,28 Jul 1868,1868,Hereford,West Midlands,,England,England,England,Eng/Eng,Baptist,,1953,Norfolk,,England,1898,EMCW,Edinburgh,Scotland,1903,Edinburgh,Edinburgh,,,,,,,,,,,,,,,,,,"French Red Cross, Malta",Malta & RC,19725,35,85,30,5,,,
Hamilton,Agnes Moore,Agnes Moore Hamilton,Presbyterian Minister,Minister,Learmonth,Medical Missionary,Medical and Minister,Yes,2 Jul 1877,1877,"Banbridge, Down",Ulster,Q58270,Ireland,Ireland,Ireland,Ir/Ir,Presbyterian,,1936,China,,Asia,1896,EMCW,Edinburgh,Scotland,1901,Edinburgh,Edinburgh,,,,China,China,,China,NS,Mission hospital,,,,,,Irish Presbyterian,,Worked,Malta,Malta,,24,59,19,5,,,
Hamilton,Mary Caroline,Mary Caroline Hamilton,Accountant,"Legal, accounts,para-legal",,,,Yes,29 Mar 1878 ,1876,London,London,Q84,England,England,Scotland/England,Scot/Engl,Presbyterian,,1908,Edinburgh,,Scotland,1900,EMCW,Edinburgh,Scotland,1905,Edinburgh,Triple,,,,,Edinburgh,,,,,,,,,,,,,,,,29,32,24,5,,71.8,
Hancock,Mary Deborah,Mary Deborah Hancock,Tea Broker & Agent,Dealers and Agents,Barfett,CoE minister,Minister,Yes,13 Sep 1877,1877,Surrey,SE England,,England,England,England,Eng/Eng,Anglican,,1961,Cornwall,,England,1900,EMCW,Edinburgh,Scotland,1906,Edinburgh,Triple,,,,,Edinburgh,,Surrey,England,,,,,,,,,,Royaumont 1-Dec-14 1-Nov-15,SWHFS,,29,84,23,6,,,
Harper,Frances Margaret,Frances Margaret Harper,Ceylon merchant,Merchant,,,,Yes,,1877,Edinburgh,SE Scotland,Q23436,Scotland,Scotland,Scotland,Scot/Scot,Presbyterian,,1945,Belgian Congo,,Africa,1897,ESMW,Edinburgh,Scotland,1903,Edinburgh,Edinburgh,CDTC,,,,,,,,Stoke on Trent,NS,AMOH,,,,Belgian Congo,,,Malta,Malta,,26,68,20,6,,31.1,
Harper,Jeannie Jamie,Jeannie Jamie Harper,Inland Revenue,Official,,,,,27-8-1890,1890,Rafford,NE Scotland,,Scotland,Scotland,Irish/Scottish,Ir/Scot,,24/09/1934,1934,Moray,,Scotland,1910,Edinburgh,Edinburgh,Scotland,1916,Edinburgh,Edinburgh,,,,,,,,,,,,Edinburgh,NS,NS,,,,,,,26,44,20,,,,
Hatchard,Ada Annie,Ada Annie Hatchard,Millowner -- flour,Retail,Orr,Doctor,Medical,Yes,12 Mar 1871,1872,Dorset,South of England,,England,England,England,Eng/Eng,,,1952,Edinburgh,,Scotland,1900,EMCW,Edinburgh,Scotland,1905,Edinburgh,Edinburgh,,,,,Edinburgh,,Edinburgh,Edinburgh,Edinburgh,Anaesthetics,NS,Edinburgh,NS,NS,No,,,,,,33,80,28,5,,,
Hay,Jane Elizabeth,Jane Elizabeth Hay,Foreman engineer,skilled,Ewing,Medical,Medical,CAR,7-8-1892,1892,Mid Calder,SE Scotland,,Scotland,Scotland,Scottish/English,Scot/Eng,,07/08/1982,1982,London,,England,1911,Edinburgh,Edinburgh,Scotland,1916,Edinburgh,Edinburgh,,,,,,,,,,,,,,,,,,,,,24,90,19,,,,
Henderson,Eleanor Russell,Eleanor Russell Henderson,Presbyterian Minister,Minister,Elder,Doctor,Medical,Yes,14 May 1876,1876,Crieff,Central Scotland,,Scotland,Scotland,Scotland,Scot/Scot,Presbyterian,,1962,North Berwick,,Scotland,1892,EMCW,Edinburgh,Scotland,1901,Edinburgh,Edinburgh,,,,,Leith,,,,Edinburgh,Hon. Physician,RHSC,Edinburgh,Hon. Physician,RHSC,No,,,,,,25,86,16,9,,,
Henderson,Elizabeth,Elizabeth Henderson,Financier and mineowner,Commerce,Miller,Presbyterian Minister,Minister,Yes,,1873,Kensington,London,,England,England,England/Scotland,Eng/Scot,Presbyterian,,1909,London,,England,1891,ESMW,Edinburgh,Scotland,1896,Edinburgh,Triple,MD Brux 1896,,Forfar,London,London,,London,London,,,,,,,No,,,,,,23,36,18,5,,,
Henderson,Hester Morris,Hester Morris Henderson,Iron Merchant,Retail,,,,Yes,,1874,Liverpool,NW England,,England,England,England/Scotland,Eng/Scot,Anglican,,1938,"Tunbridge Wells, Kent",,England,1902,EMCW,Edinburgh,Scotland,1908,Edinburgh,Edinburgh,,,,,,,Norfolk,,,,,,,,,,,QMAAC,"Abbeville, France 1918-19",14062,34,64,28,6,,,
Hendrie,Nettie Dick,Nettie Dick Hendrie,Watchmaker & Jeweller,Retail,Simonsen,Professor,Teacher,Yes,10 Jun 1883,1883,Nairn,Highlands & Islands,,Scotland,Scotland,Scotland,Scot/Scot,,,1960,Buckinghamshire,,England,1901,EMCW,Edinburgh,Scotland,1907,Edinburgh,Edinburgh,,,,,,,,,NS,NS,NS,Dehra Dun,NS,NS,Dufferin,"Worked, Dehra Dun, 1920; Madras ?",,,,,26,79,20,6,,133.7,
Hendry,Wilhelmina Weir,Wilhelmina Weir Hendry,Legal Clerk,Offical,Higlett,Auditor,Professional,Yes,28-9-1893,1893,Edinburgh,SE Scotland,,Scotland,Scotland,,,,28-Apr-68,1968,Hertfordshre,,England,1911,Edinburgh,Edinburgh,Scotland,1916,Edinburgh,Edinburgh,,,,,,,,,,,,Edinburgh,NS,NS,,,,,,,23,75,18,,,,
Henslow,Julia Veronica,Julia Veronica Henslow,CoE minister,Minister,Christie,CoE minister,Minister,yes,30 Aug 1872,1872,Wiltshire,SW England,,England,England,England,Eng/Eng,Anglican,,1960,Hampshire,,England,1903,ESMW2,Edinburgh,Scotland,1913,Edinburgh,Edinburgh,,,,,,,Glasgow,Glasgow,Glasgow,NS,NS,Bath,NS,RMO Eastern Dispensary,No,,,"AMO, Military Hospital; Med Rec Controller, Women's Forces, Birmingham & Midlands",RAMC,,41,88,31,10,,,
Herzfeld,Gertrud Marianne Amalie,Gertrud Marianne Amalie Herzfeld,Stockbroker,Commerce,,,,yes,6 Jan 1890,1890,London,London,Q84,England,England,Austria,Oth/Oth,Jewish,,1981,Edinburgh,,Scotland,1908,ESMW2,Edinburgh,Scotland,1914,Edinburgh,Edinburgh,,,,,,,,,,,,,,,,,,,,Summer 1981,24,91,18,6,,,
Hewat,Helen Gladstone,Helen Gladstone Hewat,Presbyterian Minister,Minister,,,,CAR,25 Sep 1891,1891,Prestwick,West of Scotland,,Scotland,Scotland,Scottish,Scot/Scot,,27/11/1963,1963,Edinburgh,,Scotland,1910,Edinburgh,Edinburgh,Scotland,1915,Edinburgh,Edinburgh,,,,,,,,,,,,Manchuria,NS,NS,China,Poona,Worked,,,,24,72,19,,,,
Heyworth,Florence Winifred,Florence Winifred Heyworth,Broker,Commerce,Hind,CoE minister,Minister,yes,16 May 1885,1885,Lancashire,NW England,,England,England,England,Eng/Eng,Anglican,,1969,Preston,,England,1909,ESMW2,Edinburgh,Scotland,1914,Edinburgh,Triple,,,,,,,,,"Royaumont, France",NS,House Surgeon,China,NS,Mission hospital,EPM,,Missionary,Royaumont 1-Dec-14 1-Jun-15,SWHFS,,29,84,24,5,,,
Hill,Isabel,Isabel Hill,Watchmaker & Jeweller,Retail,,,,Yes,23 Nov 1871,1872,Paisley,West of Scotland,,Scotland,Scotland,Scotland,Scot/Scot,,12267,1933,London,,England,1897,"Glasgow, Paris, Ed., Berlin",Edinburgh,Scotland,1906,Edinburgh,Edinburgh,,,,,,,Birmingham,England,,,,,,,,,,Endell Street,Endell,12328,34,61,25,9,,,
Hill,Janette Theresa,Janette Theresa Hill,Presbyterian Minister,Minister,,,,Yes,24 Mar 1875,1875,"Chicago, Illinois",USA,,USA,Other,Scotland/American,Scot/Oth,Presbyterian,,1961,Birmingham,,England,1896,ESMW2,Edinburgh,Scotland,1911,Edinburgh,Edinburgh,,,,,,,Fife,Scotland,Birmingham,NS,ASMO Smethwick,Birmingham,MCW,"MO, MCW, Birmingham",,,,,,,36,86,21,15,,71.8,
Hoashoo,Singcha,Singcha Hoashoo,Landowners,Landowner & Gentleman,Hoahing,Merchant,Merchant,Yes,16 April 1886,1886,British Guiana,S America,,British Guiana,Other,Chinese,Oth/Oth,Anglican,,1990,London,,England,1906,EMCW,Edinburgh,Scotland,1911,Edinburgh,Triple,,,,,,,,,Ireland?,NS,NS,NS,NS,NS,,,,,,,25,104,20,5,,,
Hodson,Eleanor Tessiet,Eleanor Tessiet Hodson,Brewer,Manufacturer,,,,Yes,20 Mar 1870,1870,"Godalming, Surrey",SE England,,England,England,England,Eng/Eng,Anglican,,1936,Kent,,England,1895,EMCW,Edinburgh,Scotland,1900,Edinburgh,Edinburgh,,,,Derby,,,Cork,Ireland,France,NS,Surgeon,Kent,NS,NS,Dufferin,"Worked, Calcutta",,"Royaumont 1-Jul-16 22-Jul-17; also Military hospital, Canterbury",SWHFS,,30,66,25,5,,,
Hoffman,Julie Elise,Julie Elise Hoffman,Builder,Builder,La Cour,Landowner,Landowner & gentleman,Yes,22 July 1882,1882,Esbjerg,Denmark,,Denmark,Other,Czech/Danish,Oth/Oth,Lutheran,,1943,Denmark,,Europe,1906,ESMW2,Edinburgh,Scotland,1912,Edinburgh,Edinburgh,,,,,,,Bangalore,India,Bangalore,NS,NS,Denmark,NS,NS,Danish,"Worked, Bangalore",,,,,30,61,24,6,,,
Hogg,Georgina Catherine,Georgina Catherine Hogg,Brass Founder,Manufacturer,Ross,Doctor,Medical,Yes,6 Apr 1874,1874,Edinburgh,SE Scotland,Q23436,Scotland,Scotland,Scotland,Scot/Scot,,,1948,Edinburgh,,Scotland,1892,EMCW,Edinburgh,Scotland,1898,Edinburgh,Triple,,,,,Hartlepool,,,,,,,,,,,,,,,,24,74,18,6,,,
Hogg,Jean or Jane Smith,Jean or Jane Smith Hogg,Grain Merchant,Retail,,,,Yes,,1876,Edinburgh,SE Scotland,Q23436,Scotland,Scotland,Scotland,Scot/Scot,,,1934,"Miraj, India",,S Asia,1899,EMCW,Edinburgh,Scotland,1905,Edinburgh,Edinburgh,,,,,Edinburgh,,Nagpur,India,,,,,,,Yes,"Worked, CP",,,,,29,58,23,6,,,
Hogg,Katie Emily,Katie Emily Hogg,Merchant,Retail,Neill,Civil servant,officer,Yes,8 Jan 1870,1870,"Croydon, Surrey",London,,England,England,England/Scotland,Eng/Scot,Anglican,,1951,New Zealand,,Australasia,1895,EMCW,Edinburgh,Scotland,1900,Edinburgh,Edinburgh,,,,,Sydney,,,,,,,,,,,,,,,,30,81,25,5,,,
Hudson,Edith Isabella,Edith Isabella Hudson,Civil Engineer,Engineer,Stewart-Fowler,Doctor,Medical,Yes,2 May 1869,1869,Madras,India,,India,India & Ceylon,Anglo-Indian,SA/SA,Anglican,,1924,Fifeshire,,Scotland,1889,EMCW,Edinburgh,Scotland,1898,Edinburgh,Edinburgh,,,,Edinburgh,Edinburgh,,Edinburgh,Edinburgh,,,,,,,No,Born,,,,,29,55,20,9,"1889 Madras, 1894 Edinburgh",,
Hunter,Gwendolyn Glendinning,Gwendolyn Glendinning Hunter,Doctor,Medical,Davis then Newth,Doctor,Medical,Yes,8 May 1885,1885,Linlithgow,SE Scotland,,Scotland,Scotland,Scotland,Scot/Scot,,,1962,Nottingham,,England,1906,EMCW,Edinburgh,Scotland,1912,Edinburgh,Edinburgh,,,,,,,Linlithgow,Scotland,Nottingham,Surgeon,"House Surgeon, Children's hospital",Nottingham,NS,NS,,,,,,,27,77,21,6,,,
Hutchison,Alice Marion,Alice Marion Hutchison,Medical Missionary,Medical and Minister,,,,Yes,12 Aug 1874,1874,"Dalhousie, UP",India,,India,India & Ceylon,Scotland,Scot/Scot,Presbyterian,,1953,Buckinghamshire,,England,1893,ESMW,Edinburgh,Scotland,1899,Edinburgh,Edinburgh,,,,Gujrat,Edinburgh,,,,Edinburgh,Physician,EHWC,,,,Women’s Association for Foreign Missions,"Born & Worked, Punjab",,Calais Contingent 01-Nov-14 1-Apr-15,,,25,79,19,6,,,
Hutton,Gertrude Mary,Gertrude Mary Hutton,Missionary,Minister,,,,Yes,4 Sep 1873,1873,Benares,India,,India,India & Ceylon,Scotland,Scot/Scot,Congregational,,1940,Liverpool,,England,1893,ESMW,Edinburgh,Scotland,1896,Edinburgh,Triple,,,,,,,,Liverpool,Liverpool,Anaesthetics,"MO, dispensary for women",Liverpool,Anaesthetics,"MO, dispensary for women",No,Born,,,,14702,23,67,20,3,Liverpool,,
Ievers,Nena Beatrice,Nena Beatrice Ievers,Ceylon Civil Service,Government official,Izat,Ceylon civil service,officer,Yes,,1883,Ceylon,Ceylon,,Ceylon,India & Ceylon,Ireland,Ir/Ir,Anglican,,1957,Edinburgh,,Scotland,1900,EMCW,Edinburgh,Scotland,1906,Edinburgh,Triple,,,,,Leith,,,,,,,,,,,Born & lived Ceylon,,,,21002,23,74,17,6,Married Ceylon civil servant,,
Inglis,Elsie Maud,Elsie Maud Inglis,ICS Officer,Government official,,,,Yes,,1864,Naini Tal,India,Q773213,India,India & Ceylon,Anglo-Indian,SA/SA,Presbyterian,,1917,Newcastle,,England,1888,ESMW & EMCW,Edinburgh,Scotland,1892,Edinburgh,Triple,,,,Edinburgh,Edinburgh,,Edinburgh,Edinburgh,Edinburgh,Obst&Gyn,EHWC,,,,No,Born,,Kraguievatz 1-Apr-15 29-Feb-16,SWHFS,23559,28,53,24,4,,,
Inglis,Florence Elsie,Florence Elsie Inglis,Indian Army,Army Officers,,,,Yes,,1887,Rawalpindi,India,,India,India & Ceylon,England/Anglo-Indian,Eng/SA,Presbyterian,,1960,Cornwall,,England,1908,St Andrews & EMCW,Edinburgh,Scotland,1914,Edinburgh,Edinburgh,,,,,,,,,Edinburgh,NS,NS,,,,,Born,,Royaumont 4-Sep-17 1-Apr-18,SWHFS,,27,73,21,6,,88.4,
Innes,Flora Riddell,Flora Riddell Innes,Traveller,Commerce,,,,Yes,20 Feb 1886,1886,Off Queensland,Australia,Q34932,Australia,Empire,Scotland,Scot/Scot,Presbyterian,,1952,Inverness,,Scotland,1904,EMCW,Edinburgh,Scotland,1909,Edinburgh,Edinburgh,,,,,,,Sholinghur,India,,,,,,,Australian Presbyterian,"Worked, Madras",,,,,23,66,18,5,,109.4,
Irving,Hannah Margaret,Hannah Margaret Irving,Doctor,Medical,,,,Yes,,1881,New Zealand,NZ,,New Zealand,Empire,England,Eng/Eng,,,1972,NZ,,Australasia,1902,ESMW2,Edinburgh,Scotland,1910,Edinburgh,Edinburgh,,,,,,,,,South Africa,NS,Mission hospital,South Africa,ns,Mission hospital,S Africa,,,,,,29,91,21,8,"1902 NZ, 1905 UK",81.18,
Jackson,Ada,Ada Jackson,Doctor,Medical,,,,Yes,,1869,Scarborough,NE England,,England,England,England,Eng/Eng,Anglican,,1956,Hull,,England,1899,EMCW,Edinburgh,Scotland,1905,Edinburgh,Edinburgh,,,,,,,,,,,,,,,,,,,,,36,87,30,6,,,
Jackson,Annie,Annie Jackson,Paper manufacturer and Farmer,Manufacturer,,,,Yes,,1863,Garstang,NW England,,England,England,England,Eng/Eng,Quaker,,1934,Derbyshire,,England,1899,EMCW,Edinburgh,Scotland,1904,Edinburgh,Edinburgh,MD Ed 1915,,,,Lancashire,,Derbyshire,England,Derby,Anaesthetics,PP with Helen Greene,Derby,Anaesthetics,Derby Hospital for Women,,,,,,,41,71,36,5,,,
Jex-Blake,Bertha,Bertha Jex-Blake,Minister CoE,Minister,,,,Yes,,1868,Rugby,West Midlands,,England,England,England,Eng/Eng,Anglican,,1915,Yorkshire,,England,1897,ESMW & EMCW,Edinburgh,Scotland,1903,Edinburgh,Edinburgh,,,,,,,,,,,,,,,,,,,,,35,47,29,6,,,
Johnston,Blanche Mary Zillah,Blanche Mary Zillah Johnston,Wheelwright,Manufacturer,Smart,Doctor,Medical,Yes,,1881,Liverpool,NW England,,England,England,England,Eng/Eng,Anglican,,1947,Liverpool,,England,1901,EMCW,Edinburgh,Scotland,1907,Edinburgh,Edinburgh,DPH,,,,,,Liverpool,,,,NS,Liverpool,DPH,NS,,,,,,,20,66,20,6,,,
Johnston,Elizabeth Morton,Elizabeth Morton Johnston,Gunpowder manufacturer and Farmer,Manufacturer,Taylor,Merchant,Merchant,Yes,27 Mar 1870,1870,Edinburgh,SE Scotland,Q23436,Scotland,Scotland,Scotland,Scot/Scot,Presbyterian,21525,1958,Dalkeith,,Scotland,1892,EMCW,Edinburgh,Scotland,1899,Edinburgh,Triple,,,,Dalkeith,Dalkeith,,Dalkeith,,,,Retired,,,,Ludhiana CMS,"Worked, Punjab",,,,,29,88,22,7,,,
Kanga,Khorshed Sorabji,Khorshed Sorabji Kanga,NK,NK,,,,Yes,,1881,India,India,,India,India & Ceylon,Indian,SA/SA,Parsi,,A1918,,,,1900,Hyderabad & Ed,Edinburgh,Scotland,1906,Edinburgh,Triple,Hyderabad,,,,,,Hyderabad,,,,,,,,Dufferin,Born & worked,,,,India,,,19,6,,,
Kay,Janet McIntyre,Janet McIntyre Kay,Presbyterian Minister,Minister,,,,Yes,,1867,Castle Douglas,SW Scotland,,Scotland,Scotland,Scotland,Scot/Scot,Presbyterian,,1943,Paisley,,Scotland,1889,ESMW,Edinburgh,Scotland,1895,Edinburgh,Triple,,,Paisley,Paisley,Paisley,,Paisley,,,,NS,,,,,,,,,Scotland,Renfrewshire,NS,22,6,,,
Keers,Margretta Jane,Margretta Jane Keers,Physician and surgeon,Medical,Jenkins,,,Yes,3 Nov 1889,1889,"Ballymoney, Antrim",Ulster,Q805450,Ireland,Ireland,Ireland,Ir/Ir,Presbyterian,,1960,Northampton,,England,1908,EMCW,Edinburgh,Scotland,1913,Edinburgh,Edinburgh,,,,,,,,,,,NS,Northampton,NS,ASMO Northants,,,,,,,Belfast,NS,19,5,,,
Kellgren,Annjuta,Annjuta Kellgren,Physiotherapist,Paramedical,Cyriax,Doctor,Medical,Yes,,1875,London,London,Q84,England,England,Swedish/Russian,Oth/Oth,Anglican,,1965,London,,England,1897,LSMW & EMCW,Edinburgh,Scotland,1904,Edinburgh,Triple,,,,London,London,,London,,,,,,,,,,,,,,22,90,22,7,Sisters,,
Kerby,Cicely Mary,Cicely Mary Kerby,CoE Minister,Minister,Bruce,Minister,Minister,Yes,,1886,Lancashire,NW England,,England,England,England,Eng/Eng,Anglican,,1942,Argentina,,America,1906,EMCW,Edinburgh,Scotland,1911,Edinburgh,Edinburgh,,,,,,,,,Worksop,NS,MO Worksop dispensary,Forfar,NS,NS,,,,,,,25,56,20,5,Scots Kirk in Buenos Aires,,
Kerr,Muriel Hamilton,Muriel Hamilton Kerr,Doctor,Medical,Fleming,Doctor,Medical,Yes,9 Aug 1891,1891,Winnipeg,Canada,,Canada,North America,Can/Sco,Can/Scot,,01-Jul-64,1964,,,,1909,Edinburgh,Edinburgh,Scotland,1915,Edinburgh,Edinburgh,,,,,,,,,,,,,,,,,,,,,24,73,18,,,,
Kirk,Catherine,Catherine Kirk,Grocer & House Proprietor,Retail,,,,Yes,,1881,Fifeshire,Central Scotland,,Scotland,Scotland,Scotland,Scot/Scot,,,1966,Edinburgh,,Scotland,1901,St Andrews & EMCW,Edinburgh,Scotland,1907,Edinburgh,Edinburgh,,,,,,,,,Fifeshire,NS,NS,,,,,,,,,,26,85,20,6,,,
Kurz,Lena or Lina,Lena or Lina Kurz,NK,NK,Walker,Doctor,Medical,Yes,,1881,Weidersheim,Germany,,Germany,Other,Germany,Oth/Oth,Lutheran,,1956,Birmingham,,England,1904,EMCW,Edinburgh,Scotland,1910,Edinburgh,Edinburgh,MD Ed 1912,,,,,,,,Birmingham,NS,MO Various,Birmingham,NS,MO various,,,,,,20729,29,75,23,6,,,
Laird,Janet Stewart,Janet Stewart Laird,Free Church Minister,Minister,Hartley,Doctor,Medical,Yes,,1888,Kincardine,NE Scotland,,Scotland,Scotland,Scotland,Scot/Scot,Presbyterian,,1935,Staffordshire,,England,1907,ESMW2,Edinburgh,Scotland,1912,Edinburgh,Edinburgh,,,,,,,,,Edinburgh,NS,NS,,,,,,,London Unit 1-Dec-16 1-Sep-17,SWHFS,,24,47,19,5,,?,
Landon,Ethel,Ethel Landon,Civil Engineer,Engineer,,,,Yes,,1878,Indore,India,,India,India & Ceylon,England,Eng/Eng,,,1971,Nottingham,,England,1900,EMCW,Edinburgh,Scotland,1905,Edinburgh,Edinburgh,,,,,Lahore,,Nasik,India,,,,,,,Zenana BMM,"Born & Worked, Punjab",,,,,27,93,22,5,,,
Larsen,Christine,Christine Larsen,NK,NK,Bodding,Missionary,Missionary,Yes,,1883,Denmark,Denmark,,Denmark,Other,Danish,Oth/Oth,Lutheran,,1940,Odense,,Russia,1907,ESMW2,Edinburgh,Scotland,1912,Edinburgh,Edinburgh,,,,,,,,,,,,,,,Santal,"Worked, CP, 1920",,,,,29,57,24,5,,,
Leach,Catharine Francis Marianne,Catharine Francis Marianne Leach,Gentleman,Landowner & Gentleman,Stack,Clerk,officer,Yes,,1859,Canterbury,New Zealand,,New Zealand,Empire,Wales/England,Eng/Eng,Anglican,,1943,NZ,,Australasia,1896,ESMW,Edinburgh,Scotland,1901,Edinburgh,Triple,,,,,Africa,,Kanpur,,,,,,,,,"Worked, Kanpur",,,,,42,84,37,5,,,
Lee,Mary Buchanan,Mary Buchanan Lee,Bootmaker,Manufacturer,,,,Yes,,1870,Liverpool,NW England,,England,England,England/Ireland,Eng/Ir,Anglican,,1955,Liverpool,,England,1890,ESMW & EMCW,Edinburgh,Scotland,1895,Edinburgh,Triple,,,,,Liverpool,,Liverpool,England,Liverpool,NS,MO PO,Liverpool,NS,MO PO & Hon Phy Samaritan Hospital,,,,,,,25,85,20,5,,,
Leiper,Janet,Janet Leiper,Baker,Retail,,,,Yes,,1880,Lanarkshire,West of Scotland,,Scotland,Scotland,Scotland,Scot/Scot,,,1966,Wrexham,,England,1904,EMCW,Edinburgh,Scotland,1910,Edinburgh,Edinburgh,,,,,,,Lanark,Scotland,Lanarkshire,NS,NS,,,,,,,,,,30,86,24,6,,,
Lenwood,Norah,Norah Lenwood,Independent Minister,Minister,Bryson,Medical Missionary,Medical and Minister,Yes,,1877,Sheffield,NE England,,England,England,England,Eng/Eng,Congregational,,1947,Essex,,England,1895,LSMW & EMCW,Edinburgh,Scotland,1902,Edinburgh,Edinburgh,,,,Sheffield,China,,China,China,,,,China,NS,Mission hospital,LMS,,Worked,,,,25,70,18,7,,,
Lethem,Cecil Robertson,Cecil Robertson Lethem,Provision Merchant/Grocer,Retail,Norrie,Engineer,Engineer,Yes,,1883,Edinburgh,SE Scotland,Q23436,Scotland,Scotland,Scotland,Scot/Scot,,,1954,Stirlingshire,,Scotland,1902,ESMW2,Edinburgh,Scotland,1909,Edinburgh,Edinburgh,,,,,,,,,Huddersfield,NS,NS,Glasgow,NS,NS,,,,,,,26,71,19,7,,,
Lewis,Sybil Lonie,Sybil Lonie Lewis,Presbyterian Minister,Minister,,,,Yes,,1874,Chester,NW England,,England,England,Ireland/England,Ir/Engl,Presbyterian,,1918,Hull,,England,1899,EMCW,Edinburgh,Scotland,1905,Edinburgh,Triple,,,,,Larbert,,,,,,,,,,,,,Valjevo 1-Jul-15 12-Feb-16 (Died 8 March 1918),SWHFS,,31,44,25,6,,,
Lindsay,Anna Sara,Anna Sara Lindsay,Farmer,Farmer,,,,Yes,,1877,Derry,Ulster,,Ireland,Ireland,Ireland,Ir/Ir,Presbyterian,,1950,London,,England,1901,EMCW,Edinburgh,Scotland,1904,Edinburgh,Triple,,,,,,,Cornwall,England,,,,,,,,,,,,,27,73,24,3,,,
Little,Isabelle Margaret,Isabelle Margaret Little,Land Agent,Dealers and Agents,,,,Yes,,1889,Northants,East Midlands,,England,England,Scotland,Scot/Scot,Anglican,,1969,Nottingham,,England,1907,ESMW2,Edinburgh,Scotland,1912,Edinburgh,Edinburgh,,,,,,,,,Merryflats Hospital,,,,,,,,,,,25385,23,80,18,5,,65.2,
Logie,Isabella,Isabella Logie,Marine Insurance Broker,Commerce,,,,Yes,,1873,Dundee,Central Scotland,Q123709,Scotland,Scotland,Scotland,Scot/Scot,,,1930,Perthshire,,Scotland,1896,Dundee & EMCW,Edinburgh,Scotland,1904,Edinburgh,Edinburgh,,,,,Dundee,,Fife,Scotland,California,NS,NS,California,NS,NS,,,,,,,31,57,23,8,,,
Low,Mary,Mary Low,Clerk,Official,Lowry,Doctor,Medical,Yes,,1882,Dundee,Central Scotland,Q123709,Scotland,Scotland,Scotland,Scot/Scot,Presbyterian,,1975,Perthshire,,Scotland,1904,EMCW,Edinburgh,Scotland,1909,Edinburgh,Edinburgh,,,,,,,,,,,,,,,,,,,,,27,93,22,5,,126,
Lyon,Eva Mary,Eva Mary Lyon,Grocer,Retail,,,,Yes,,1886,"Yorkshire, West",NE England,,England,England,England,Eng/Eng,,4234,1911,Edinburgh,,Scotland,1906,EMCW,Edinburgh,Scotland,1911,Edinburgh,Edinburgh,,,,,,,,,Died,Dead,Dead,Dead,Dead,Dead,,,,,,,25,25,20,5,,,
MacCallum,Alexandra Barbara,Alexandra Barbara MacCallum,Presbyterian Minister,Minister,Lothian,Psychologist,Teacher,Yes,4 Aug 1885,1886,"Ardnamurchan, Argyllshire",West of Scotland,Q68814878,Scotland,Scotland,Scotland,Scot/Scot,Presbyterian,,1978,Edinburgh,,Scotland,1903,EMCW,Edinburgh,Scotland,1909,Edinburgh,Edinburgh,,,,,,,,,Edinburgh,DPH,NS,Edinburgh,DPH,NS,No,,,,,,23,92,17,6,,124.19,
MacCallum,Margaret Nathaniel,Margaret Nathaniel MacCallum,Presbyterian Minister,Minister,Dunstan,Doctor,Medical,Yes,,1890,"Ardnamurchan, Argyllshire",West of Scotland,Q68814878,Scotland,Scotland,Scotland,Scot/Scot,Presbyterian,,1972,Edinburgh,,Scotland,1908,EMCW,Edinburgh,Scotland,1913,Edinburgh,Edinburgh,,,,,,,,,Argyll,NS,NS,London,DPH,NS,No,,,,,,23,82,18,5,,105,
Macdonald,Elizabeth Greer,Elizabeth Greer Macdonald,Free Church Minister,Minister,Smith,Medical Missionary,Medical and Minister,Yes,,1876,Calcutta,India,Q1348,India,India & Ceylon,Scotland,Scot/Scot,Presbyterian,,1955,"Cupar, Fife",,Scotland,1894,ESMW,Edinburgh,Scotland,1899,Edinburgh,Edinburgh,,,,,Rampur,,,,,,,,,,,"Born & Worked, Bombay",,,,,23,79,18,5,,,
Macfarlane,Hilda Maude,Hilda Maude Macfarlane,Brass Wire Cloth Maker,Manufacturer,Sturrock,Doctor,Medical,Yes,,1875,Edinburgh,SE Scotland,Q23436,Scotland,Scotland,Scotland/England,Scot/Engl,Congregational,,1962,Edinburgh,,Scotland,1894,EMCW,Edinburgh,Scotland,1900,Edinburgh,Triple,,,,Larbert,Burntisland,,Perth,Scotland,,,,,,,,,,,,,25,87,19,6,,,
MacGregor,Jessie Maclaren,Jessie Maclaren MacGregor,Builder,Builder,,,,Yes,,1863,Edinburgh,SE Scotland,Q23436,Scotland,Scotland,Scotland,Scot/Scot,,,1906,"Colorado, USA",,America,1888,ESMW,Edinburgh,Scotland,1892,Edinburgh,Triple,,,Edinburgh,Edinburgh,Edinburgh,,Edinburgh,Edinburgh,,,,,,,,,,,,,29,43,25,4,,,
MacIntyre,Marion,Marion MacIntyre,Merchant,Retail,,,,Yes,,1880,Dundee,Central Scotland,Q123709,Scotland,Scotland,Scotland,Scot/Scot,Presbyterian,,A1942,,,,1905,EMCW,Edinburgh,Scotland,1910,Edinburgh,Edinburgh,,,,,,,,,Edinburgh,NS,NS,,,,P C I China,,,,,,30,#VALUE!,25,5,,,
Mackenzie,Bessie Russell,Bessie Russell Mackenzie,Presbyterian Minister,Minister,,,,Yes,,1890,London,London,Q84,England,England,Scotland,Scot/Scot,Presbyterian,,1982,Dorset,,England,1908,EMCW,Edinburgh,Scotland,1913,Edinburgh,Edinburgh,,,,,,,,,Edinburgh,NS,NS,,,,,,,,,,23,92,18,5,,107.2,
Mackenzie,Marion Ellen,Marion Ellen Mackenzie,Doctor,Medical,McManus,Doctor,Medical,Yes,,1873,"Normanton, Yorks",NE England,,England,England,Scotland,Scot/Scot,Anglican,,1951,Leeds,,England,1896,Ed. & LSMW,Edinburgh,Scotland,1903,London,Edinburgh,,,,,,,,,,,,,,,,,,,,18810,30,78,23,7,,,
Mackintosh,Amy Marion,Amy Marion Mackintosh,Steam Packet Agent,Dealers and Agents,Alexander,Minister,Minister,Yes,,1881,Inverness,Highlands & Islands,,Scotland,Scotland,Scotland,Scot/Scot,Presbyterian,,1965,Edinburgh,,Scotland,1899,EMCW,Edinburgh,Scotland,1904,Edinburgh,Edinburgh,,,,,Sialkot,,,,,,,,,,CoS,"Worked, Punjab",,,,,23,84,18,5,,74.11,
MacLaren,Gertrude Duncan,Gertrude Duncan MacLaren,Solicitor,"Legal, accounts,para-legal",,,,Yes,,1888,Edinburgh,SE Scotland,Q23436,Scotland,Scotland,Scotland,Scot/Scot,,,1957,Edinburgh,,Scotland,1907,ESMW2,Edinburgh,Scotland,1912,Edinburgh,Edinburgh,,,,,,,,,Edinburgh,NS,NS,,,,CoS,"Worked, Punjab",,"British Committee, French Red Cross",,,24,69,19,5,Sister of Jessie Alexandra,,
MacLaren,Jessie Alexandrina,Jessie Alexandrina MacLaren,Solicitor,"Legal, accounts,para-legal",,,,Yes,,1885,Edinburgh,SE Scotland,Q23436,Scotland,Scotland,Scotland,Scot/Scot,,,1969,Edinburgh,,Scotland,1906,ESMW2,Edinburgh,Scotland,1914,Edinburgh,Edinburgh,,,,,,,,,Edinburgh,NS,NS,,,,,,,"British Committee, French Red Cross; Malta",Malta & RC,,29,84,21,8,Sister of Gertrude Duncan,,
Macleod,Elizabeth,Elizabeth Macleod,Art teacher,Teacher,,,,Yes,16 Oct 1883,1883,Brisbane,Australia,Q34932,Australia,Empire,Scotland,Scot/Scot,Presbyterian,,1942,Cornwall,,England,1905,EMCW,Edinburgh,Scotland,1910,Edinburgh,Edinburgh,,,,,,,,,,,,,,,,,,,,,27,59,22,5,,105,
Macmillan,Ada Johanna,Ada Johanna Macmillan,Dr and Minister,Medical and Minister,,,,Yes,,1874,South Africa,South Africa,,South Africa,Empire,Scotland,Scot/Scot,Dutch Reformed,,1941,Edinburgh,,Scotland,1902,EMCW,Edinburgh,Scotland,1908,Edinburgh,Edinburgh,MD Ed 1920,,,,,,,,Edinburgh,NS,NS,,,,American,Worked MP,,"Red Cross Serbia, Eastern Command 5/12",RC & RAMC,15432,34,67,28,6,,,
Macmillan,Elspeth Mary,Elspeth Mary Macmillan,Solicitor,"Legal, accounts,para-legal",Barnetson,Doctor,Medical,Yes,,1878,Edinburgh,SE Scotland,Q23436,Scotland,Scotland,Scotland,Scot/Scot,,,1956,Edinburgh,,Scotland,1899,EMCW,Edinburgh,Scotland,1904,Edinburgh,Edinburgh,,,,,Joppa,,,,,,,,,,,,,,,,26,78,21,5,,,
Macmillan,Mary Bell,Mary Bell Macmillan,Farmer,Farmer,Ferguson,Doctor,Medical,Yes,,1887,Largs,SW Scotland,,Scotland,Scotland,Scotland,Scot/Scot,Presbyterian,,A1942,,,,1904,EMCW,Edinburgh,Scotland,1910,Edinburgh,Edinburgh,,,,,,,Yorkshire,England,,,,,,,,,,,,,23,#VALUE!,17,6,,109.4,
Macmillan,Rosanna Elizabeth,Rosanna Elizabeth Macmillan,Presbyterian Minister,Minister,Allison,,,Yes,,1888,Selkirkshire,SE Scotland,,Scotland,Scotland,Scotland,Scot/Scot,Presbyterian,,1966,Edinburgh,,Scotland,1907,EMCW,Edinburgh,Scotland,1913,Edinburgh,Edinburgh,,,,,,,,,,,,,,,,,,,,,25,78,19,6,,,
Macnaughton or McNaughton,Margaret Ferooza,Margaret Ferooza Macnaughton,Commercial Traveller,Commerce,Linton,Presbyterian Minister,Minister,Yes,,1870,Edinburgh,SE Scotland,Q23436,Scotland,Scotland,Scotland,Scot/Scot,Presbyterian,,1925,Coupar Angus,,Scotland,1890,ESMW,Edinburgh,Scotland,1894,Edinburgh,Triple,,,Angus,Angus,Angus,,Angus,Scotland,Angus,NS,NS,Dundee,NS,NS,No,,,,,,24,55,20,4,,,
Macnaughton,Marjory,Marjory Macnaughton,Cashier,Official,McCartney,Doctor,Medical,Yes,9 Aug 1888,1888,Airdrie,West of Scotland,,Scotland,Scotland,Scottish,Scot/Scot,,11/07/1973,1973,Bristol,,England,1907,Edinburgh,Edinburgh,Scotland,1916,Edinburgh,Edinburgh,,,,,,,,,,,,,,,,,,,,,28,85,19,,,,
MacNeil,Celia May Colquhoun,Celia May Colquhoun MacNeil,Coalmaster,?,Stephens,Shipowner,Commerce,Yes,,1885,Prestonpans,SE Scotland,,Scotland,Scotland,Scotland,Scot/Scot,,,1971,Surrey,,England,1908,EMCW,Edinburgh,Scotland,1913,Edinburgh,Edinburgh,,,,,,,,,Edinburgh,NS,NS,,,,,,,,,,28,86,23,5,,,
MacRory,Elizabeth,Elizabeth MacRory,Solicitor,"Legal, accounts,para-legal",,,,Yes,,1870,Belfast,Ulster,Q10686,Ireland,Ireland,Ireland,Ir/Ir,Episcopalian,,1931,Belfast,,Ireland,1895,Belfast & EMCW,Edinburgh,Scotland,1900,Edinburgh,Edinburgh,,,,Dunfermline,Dunfermline,,,,London,DPH,Insp. Midwifery,London,DPH,MI LCC,,,,,,,30,61,25,5,,,
Madin,Annie Mackenzie,Annie Mackenzie Madin,Civil engineer,Professional,Smith,Doctor,Medical,,15 Aug 1893,1893,Leek,West Midlands,,England,England,English/Scottish,Eng/Scot,,,1975,Birmingham,,England,1911,Edinburgh,Edinburgh,Scotland,1916,Edinburgh,Edinburgh,,,,,,,,,,,,Cannock,NS,NS,,,,,,,23,82,18,,,,
Maier,Paula,Paula Maier,NK,NK,Fairburn,Architect,Legal,Yes,,1874,Stuttgart,Germany,,Germany,Other,Germany,Oth/Oth,,,1960,South Africa,,Africa,1900,EMCW,Edinburgh,Scotland,1907,Edinburgh,Edinburgh,,,,,,,,,Missing,Missing,Missing,China,NS,NS,EMMS,,Married in Tientsin,,,,33,86,26,7,,,
Maitland,Christian Davidson,Christian Davidson Maitland,Slate merchant,Commerce,Grant,Doctor,Medical,Yes,,1886,Aberdeen,NE Scotland,Q36405,Scotland,Scotland,Scotland,Scot/Scot,,,1915,At Sea off Crete,,Other,1904,EMCW,Edinburgh,Scotland,1911,Edinburgh,Edinburgh,,,,,,,,,Died,Dead,Dead,Dead,Dead,Dead,,En route to India when SS Persia was sunk,,,,,25,29,18,,,,
Marr,Jamesina Jane,Jamesina Jane Marr,Farmer,Farmer,,,,Yes,,1875,St Fergus,NE Scotland,Q2323916,Scotland,Scotland,Scotland,Scot/Scot,,,1944,Sheffield,,England,1901,EMCW,Edinburgh,Scotland,1907,Edinburgh,Edinburgh,,,,,,,,,Sheffield,DPH,NS,Sheffield,DPH,NS,,,,,,,32,69,26,6,,,
Marsh,Jane,Jane Marsh,Surgeon,Medical,,,,Yes,,1853,Bath,SW England,,England,England,England,Eng/Eng,Anglican,,1940,Huntingdon,,England,1888,EMCW,Edinburgh,Scotland,1891,Edinburgh,Triple,,,,Jodhpur,Jodhpur *,,Bikaner,India,,,,,,,Dufferin,"Worked, Rajasthan",,,,,38,87,35,3,,,
Marshall,Marion Balfour,Marion Balfour Marshall,Jeweller & Silversmith,Retail,Rockwell,Doctor,Medical,Yes,,1873,Edinburgh,SE Scotland,Q23436,Scotland,Scotland,Scotland,Scot/Scot,Congregational,,1934,USA,,America,1892,EMCW,Edinburgh,Scotland,1899,Edinburgh,Edinburgh,,,,,USA,,,,,,,,,,,,,,,,26,61,19,7,,,
Martin,Mary,Mary Martin,Minister,Minister,Turton,,,,8-5-1883,1883,Alice,Cape Colony,,South Africa,Empire,,,,09/10/1958,1958,Cape Town,,S Africa,1910,Edinburgh,Edinburgh,Scotland,1915,Edinburgh,Edinburgh,,,,,,,,,,,,,,,,,,,,,32,75,27,,,,
Massey,Ruth,Ruth Massey,Mechanical Engineer,Engineer,,,,Yes,,1873,Lancashire,NW England,,England,England,England,Eng/Eng,Baptist,,1963,Cheshire,,England,1893,EMCW,Edinburgh,Scotland,1899,Edinburgh,Edinburgh,,,,,China,,China,China,,,,,,,LMS,,LMS,,,,26,90,20,6,,,
Mayne,Christine Allison,Christine Allison Mayne,Army Major,Army Officers,,,,Yes,,1875,Inverness,Highlands & Islands,,Scotland,Scotland,Scotland,Scot/Scot,,,1938,Edinburgh,,Scotland,1892,EMCW,Edinburgh,Scotland,1898,Edinburgh,Edinburgh,,,Benares,Patna,Lucknow,,Lucknow,India,Renfrewshire,NS,Sanatorium MO,Edinburgh,NS,NS,ZBMM,"Worked, UP & Bihar",,,,,23,63,17,6,,,
McCahon,Margaret,Margaret M'Cahon,Businessman,Commerce,Roper,Land agent,Official,Yes,,1882,Canterbury,NZ,,New Zealand,Empire,Ireland,Ir/Ir,Presbyterian,,1963,NZ,,Australasia,1903,EMCW,Edinburgh,Scotland,1908,Edinburgh,Edinburgh,,,,,,,,,New Zealand,NS,"SMI Wellington, NZ",New Zealand,NS,NS,,,,,,,26,81,21,5,,,
McCloghry,Harriet Elizabeth,Harriet Elizabeth McCloghry,Farmer,Farmer,,,,Yes,,1878,"Sligo, Ireland",Connacht,,Ireland,Ireland,Ireland,Ir/Ir,CoI,,1954,Edinburgh,,Scotland,1895,EMCW,Edinburgh,Scotland,1901,Edinburgh,Edinburgh,,,,,Staffordshire,,Stafford,England,Dumfries,DPH,SMO/AMHO,Dumfries,DPH,SMO & AMOH,,,,,,,23,76,17,6,,,
McCrea,Charlotte,Charlotte McCrea,Broker,Commerce,Croly,Doctor,Medical,Yes,,1877,Glasgow,West of Scotland,Q4093,Scotland,Scotland,Ireland/England,Ir/Engl,Catholic,,A1936,,,,1895,ESMW,Edinburgh,Scotland,1900,Edinburgh,Triple,,,,Dunoon,Dunoon,,,,,,,,,,,,,,,,23,#VALUE!,18,5,,,
McDougall,Helen,Helen McDougall,Presbyterian Minister,Minister,Hendrie,Civil Servant,Official,Yes,30-11-1882,1882,Islay,NW Scotland,,Scotland,Scotland,Scottish,Scot/Scot,,27/10/1947,1947,Berkshire,,England,1910,Edinburgh,Edinburgh,Scotland,1915,Edinburgh,Edinburgh,,,,,,,,,,,,Ghana,,,,,,,,,33,65,28,,,,
McDougall,Mary Ross,Mary Ross McDougall,Free Church Minister,Minister,,,,Yes,,1867,Ross & Ctromarty,Highlands & Islands,,Scotland,Scotland,Ireland/Scotland,Ir/Scot,Presbyterian,,1934,Surrey,,England,1890,ESMW,Edinburgh,Scotland,1897,Edinburgh,Edinburgh,,,,,,,,Croydon,Croydon,NS,NS,Croydon,NS,NS,No,,,,,,30,67,23,7,,,
McElderry,Sara Lyle,Sara Lyle McElderry,Secretary,Official,,,,Yes,25 Apr 1877,1877,"Ballymoney, Antrim",Ulster,Q805450,Ireland,Ireland,Ireland,Ir/Ir,Presbyterian,,1961,Belfast,,Ireland,1895,EMCW,Edinburgh,Scotland,1900,Edinburgh,Edinburgh,,,,,Gujarat,,Bombay,India,,,,,,,,"Worked, Bombay",,,,,23,84,18,5,,,
McElney,Elizabeth,Elizabeth McElney,Schoolmaster,Teacher,Shepherd,Surgeon,Medical,Yes,23 Nov 1874,1874,"Randalstown, Antrim",Ulster,Q1249441,Ireland,Ireland,Ireland,Ir/Ir,Presbyterian,,1961,Bedfordshire,,England,1895,Belfast & EMCW,Edinburgh,Scotland,1900,Edinburgh,Edinburgh,,,,,Lancaster,,Hereford,England,Ross-on-Wye,NS,NS,Ross-on-Wye,NS,NS,,,,,,,26,87,21,5,,,
McGarrity,Margaret McNaughton,Margaret McNaughton McGarrity,Presbyterian Minister,Minister,,,,,5 Aug 1890,1890,Leadhills,West of Scotland,,Scotland,Scotland,Scottish,Scot/Scot,,29/10/1939,1939,Portobello,,Scotland,1910,Edinburgh,Edinburgh,Scotland,1916,Edinburgh,Edinburgh,,,,,,,,,,,,,,,,,,,,,26,49,20,,,,
McGregor,Beatrice Anne,Beatrice Anne McGregor,Silk Mercer,Retail,,,,Yes,,1873,Edinburgh,SE Scotland,Q23436,Scotland,Scotland,Scotland,Scot/Scot,,,1953,Sussex,,England,1892,ESMW,Edinburgh,Scotland,1898,Edinburgh,Edinburgh,,,Edinburgh,Edinburgh,,,London,London,Clapham,Obst&Gyn,"OP Physician, Clapham maternity hosptial",Wimbledon,NS,NS,No,,,Mladanovatz 1-Jul-15 1-Nov-15,SWHFS,,25,80,19,6,,,
McGregor,Marjorie Isobel Stuart,Marjorie Isobel Stuart McGregor,Tailor & Clothier,Trade,Wood,Stock buyer,Agent,Yes,13-1-1893,1893,Edinburgh,SE Scotland,,Scotland,Scotland,Scottish,Scot/Scot,,,1968,Christchurch,,New Zealand,1911,Edinburgh,Edinburgh,Scotland,1916,Edinburgh,Edinburgh,,,,,,,,,,,,"Canterbury, NZ",NS,NS,,,,,,,23,75,18,,,,
McGregor,Robina,Robina McGregor,Free Church Minister,Minister,Harlin,Doctor,Medical,Yes,26 Jan 1874,1874,"Monifieth, Angus",Central Scotland,Q3179174,Scotland,Scotland,Scotland,Scot/Scot,Presbyterian,,1960,Australia,,Australasia,1892,EMCW,Edinburgh,Scotland,1899,Edinburgh,Edinburgh,MD Ed 1907,,,,Hull,,Australia,Australia,Australia,NS,NS,Australia,NS,NS,No,,,,,,25,86,18,7,,6.16,
McKeand,Isabel Nivison,Isabel Nivison McKeand,Farmer,Farmer,Muller,Doctor,Medical,Yes,,1879,"Scoor, Mull",West of Scotland,Q108367102,Scotland,Scotland,England/Scotland,Eng/Scot,,,1934,South Africa,,Africa,1897,ESMW & EMCW,Edinburgh,Scotland,1902,Edinburgh,Edinburgh,,,,,"Cape Colony, South Africa",,,,,,,,,,,,,,,,23,55,18,5,,8.8,
McLaren,Clara Violet,Clara Violet McLaren,Indian Broker,Commerce,Kelynack,Physician,Medical,Yes,,1875,Calcutta,India,Q1348,India,India & Ceylon,Scotland/England,Scot/Engl,Anglican,,1940,Hertfordshire,,England,1896,EMCW,Edinburgh,Scotland,1903,Edinburgh,Edinburgh,,,,,London,,,,,,,,,,,Born,,,,14793,28,65,21,7,,33.12,
McLaren,Harriet Joanna Campbell,Harriet Joanna Campbell McLaren,Surgeon,Medical,Wilkie,Estate agent,Official,Yes,,1878,Stirlingshire,Central Scotland,,Scotland,Scotland,Scotland,Scot/Scot,,,1964,Fiji,,Pacific,1895,EMCW,Edinburgh,Scotland,1900,Edinburgh,Edinburgh,,,,,Lucknow,,Bettiah,India,India,NS,Dufferin,India,NS,Dufferin,Dufferin,"Worked, UP 1903-17 + 1920s",,QMAAC 1917-19,,,22,86,17,5,,,
McLullich,Isobel Mary,Isobel Mary McLullich,Solicitor,Professional,Scott,Medical,Medical,Yes,6-3-1893,1893,Inverary,NW Scotland,,Scotland,Scotland,Scottish,Scot/Scot,,03-Sep-81,1981,Victoria,,Australia,1911,Edinburgh,Edinburgh,Scotland,1916,Edinburgh,Edinburgh,,,,,,,,,,,,London,NS,NS,,,,,,,23,88,18,,,,
McMillan,Helen Meldrum,Helen Meldrum McMillan,Free Church Minister,Minister,,,,Yes,,1883,Fifeshire,Central Scotland,,Scotland,Scotland,Scotland,Scot/Scot,Presbyterian,,1979,Bargrennan,,Scotland,1900,EMCW,Edinburgh,Scotland,1907,Edinburgh,Edinburgh,,,,,,,Ajmer,India,,,,,,,UFCofS WFMS,"Worked, Rajasthan",,,,,24,96,17,7,,89.5,
McMinn,Jean Martin,Jean Martin McMinn,Iron Merchant,Retail,,,,Yes,May 1890,1890,"Campbelltown, Argyllshire",West of Scotland,Q1012490,Scotland,Scotland,Scotland,Scot/Scot,,,1955,Edinburgh,,Scotland,1907,EMCW,Edinburgh,Scotland,1914,Edinburgh,Edinburgh,,,,,,,,,London,NS,"JRMO, Out-patients, Hampstead & NW London",,China,NS,Mission Hospital,,Worked 1925 on,,,,24,65,17,7,,66.3,
McMordie,Sarah Brown,Sarah Brown McMordie,Collar Factory manaager,Manufacturer,Keers,Presbyterian Minister,Minister,Yes,,1873,Belfast,Ulster,Q10686,Ireland,Ireland,Ireland,Ir/Ir,Presbyterian,,1957,Belfast,,Ireland,1892,EMCW,Edinburgh,Scotland,1895,Edinburgh,Triple,,,,Chin-Chon,China,,China,China,China,NS,Mission hospital,China,NS,Mission hospital,Irish Presbyterian,,Irish Presby,,,,22,84,19,3,,,
Menzies,Mary Jenny,Mary Jenny Menzies,Art teacher,Teacher,,,,,,1875,"Wakefield, Yorks W",NE England,,England,England,Scotland,Scot/Scot,Non-conformist,,1925,Edinburgh,,Scotland,1894,EMCW,Edinburgh,Scotland,1900,Edinburgh,Edinburgh,,,,,Edinburgh,,,,Edinburgh,NS,"Inspector, Local Government Board for Scotland",,,,,,,,,,25,50,19,6,,?,
Meredith,Alice,Alice Meredith,Settler,Farmer,Burn,Teacher,Teacher,Yes,,1871,Canterbury,NZ,,New Zealand,Empire,England/Scotland,Eng/Scot,,,1949,Co. Down,,Ireland,1903,EMCW,Edinburgh,Scotland,1906,Edinburgh,Edinburgh,,,,,,,,,,,,,,,,,,,,18172,35,78,32,3,,123.18,
Meredith,Eva Maud,Eva Maud Meredith,Settler,Farmer,Clements,Doctor,Medical,Yes,,1869,Canterbury,NZ,,New Zealand,Empire,England/Scotland,Eng/Scot,,,1946,Bangor Co. Down,,Ireland,1903,Edinburgh,Edinburgh,Scotland,1908,Edinburgh,Edinburgh,,,,,,,,,,,,,,,,,,,,,39,77,34,5,,113.9,
Miller,Ada Elizabeth,Ada Elizabeth Miller,Free Church Minister,Minister,,,,Yes,,1881,Duns,SE Scotland,,Scotland,Scotland,Scotland,Scot/Scot,Presbyterian,,1952,Edinburgh,,Scotland,1900,EMCW,Edinburgh,Scotland,1907,Edinburgh,Edinburgh,MD Ed 1911,,,,,,,,Edinburgh,DPH,NS,Edinburgh,DPH,MO & Lect in Hygiene,,,,,,,26,71,19,7,,107.2,
Miller,Margaret Mair,Margaret Mair Miller,Spirit Merchant,Retail,East,Doctor,Medical,,,1885,Coulter,West of Scotland,,Scotland,Scotland,Scotland,Scot/Scot,,,1964,Edinburgh,,Scotland,1902,EMCW,Edinburgh,Scotland,1907,Edinburgh,Edinburgh,,,,,,,York,England,,,,,,,,,,,,,22,79,17,5,,116.11,
Mills,Aimee Evelyn,Aimee Evelyn Mills,Valuer,Commerce,Gibbs,Dentist,Paramedical,Yes,,1867,Nelson,NZ,,New Zealand,Empire,Australia,Oth/Oth,Quaker,,1941,Somerset,,England,1899,EMCW,Edinburgh,Scotland,1904,Edinburgh,Edinburgh,,,,,Edinburgh,,,,,,,,,,,,,,,,37,74,32,5,"1899 in Auckland, 1901 in UK",,
Mitchell,Isabella Henrietta,Isabella Henrietta Mitchell,Railway agent,Agent,,,,Yes,25 Dec 1883,1883,London,London,,England,England,Scottish,Scot/Scot,,,,,,,1910,Edinburgh,Edinburgh,Scotland,1915,Edinburgh,Edinburgh,,,,,,,,,,,,,,,,,,,,,32,-1883,27,,Mother was a schoolteacher,,
Monro,Margaret Penelope,Margaret Penelope Monro,Bengal Civil Service,Government official,Neill,Missionary,Minister,Yes,,1870,Edinburgh,SE Scotland,Q23436,Scotland,Scotland,Scotland,Scot/Scot,Presbyterian,,1952,India,,S Asia,1891,EMCW,Edinburgh,Scotland,1895,Edinburgh,Triple,,,Ranaghat,,France,,,Cheltenham,NS,NS,NS,,,,Ranaghat,"Worked, Bengal",,,,,25,82,21,4,,,
Montgomery,Eleanor Agnes,Eleanor Agnes Montgomery,Presbyterian Minister,Minister,,,,Yes,,1871,Bangor,Ulster,,Ireland,Ireland,Ireland,Ir/Ir,Presbyterian,,1954,Ulster,,Ireland,1890,ESMW,Edinburgh,Scotland,1894,Edinburgh,Triple,,,Borsad,Borsad,Broach,,Broach,India,India,NS,Mission hospital,London,NS,NS,EMMS/Irish Presbyterian,"Worked, Bombay",,,,,23,83,19,4,,,
Moorhead,Alice Margaret,Alice Margaret Moorhead,Army surgeon,Medical,Langwill,Doctor,Medical,Yes,,1868,Maidstone,SE England,,England,England,Ireland,Ir/Ir,,,1910,Edinburgh,,Scotland,1887,ESMW,Edinburgh,Scotland,1891,Edinburgh,Triple,,,Dundee,Dundee,,,,,,,,,,,,Siblings born in India,,,,,23,42,19,4,,,
Morison,Isabella,Isabella Morison,Presbyterian Missionary,Minister,Stancliff,Merchant Navy,Official,,,1892,Glasgow,West of Scotland,,Scotland,Scotland,Scottish,Scot/Scot,,,1980,New Zealand,,New Zealand,1910,Edinburgh,Edinburgh,Scotland,1916,Edinburgh,Edinburgh,,,,,,,,,,,,India,NS,Missionary Hospital,English Presbyterian,"Worked, Rajshahi",,,,,24,88,18,,,,
Morrison,Flora,Flora Morrison,Stationer,Retail,Shepherd,Doctor,Medical,Yes,,1882,Auckland,NZ,Q37100,New Zealand,Empire,Scotland/England,Scot/Engl,Presbyterian,,1963,Oxfordshire,,England,1903,Glasgow & EMCW,Edinburgh,Scotland,1908,Edinburgh,Edinburgh,,,,,,,,,,,,,,,,,,,,,26,81,21,5,,,
Mouat,Janet Ainslie Shiells,Janet Ainslie Shiells Mouat,Maltster,Manufacturer,,,,Yes,,1867,Haddington,SE Scotland,,Scotland,Scotland,Scotland,Scot/Scot,,,1951,Devon,,England,1894,EMCW,Edinburgh,Scotland,1900,Edinburgh,Edinburgh,,,,,Leith,,,,Edinburgh,DPH,"Hon MO, Grove St Dispensary",,,,,,,,,,33,84,27,6,,,
Muir,Lucy Mary,Lucy Mary Muir,Inland Revenue Excise Officer,Government official,Brunton,Doctor,Medical,Yes,,1887,Orkney,Highlands & Islands,,Scotland,Scotland,Scotland,Scot/Scot,Episcopalian,,1966,Orkney,,Scotland,1905,EMCW,Edinburgh,Scotland,1911,Edinburgh,Edinburgh,,,,,,,,,Edinburgh,NS,NS,,,,,,,,,,24,79,18,6,,,
Muirhead,Winifred,Winifred Muirhead,Wine Merchant,Retail,Montgomery,Doctor,Medical,Yes,,1876,Edinburgh,SE Scotland,Q23436,Scotland,Scotland,Scotland,Scot/Scot,,,1946,South Africa,,Africa,1894,EMCW,Edinburgh,Scotland,1899,Edinburgh,Triple,,,,,Stirling,,,,,,,,,,,,,,,,23,70,18,5,,,
Mulholland,Anna Mary,Anna Mary Mulholland,Schoolmaster,Teacher,Mercer,Doctor,Medical,Yes,,1881,Derry,Ulster,,Ireland,Ireland,Ireland,Ir/Ir,CoI,,1976,USA,,America,1899,EMCW,Edinburgh,Scotland,1904,Edinburgh,Triple,,,,,Barrow,,Chicago,USA,,,,,,,,,,,,,23,95,18,5,,,
Muncaster,Anna Lilianne,Anna Lilianne Muncaster,Inland Revenue Excise Officer,Government official,,,,Yes,,1886,Beauly,Highlands & Islands,,Scotland,Scotland,England/Scotland,Eng/Scot,,,1930,South Africa,,Africa,1903,EMCW,Edinburgh,Scotland,1909,Edinburgh,Edinburgh,,,,,,,,,,,,,,,,,,America Unit 4-Aug-16 1-May-18,SWHFS,,23,44,17,6,,105,
Murchison,Ara Gray,Ara Gray Murchison,Tea merchant/ commercial ttraveller,Retail,,,,Yes,,1883,Edinburgh,SE Scotland,Q23436,Scotland,Scotland,Scotland,Scot/Scot,,,1913,Edinburgh,,Scotland,1902,EMCW,Edinburgh,Scotland,1907,Edinburgh,Edinburgh,,,,,,Edinburgh,Huddersfield,England,Dead,,,,,,,,,,,,24,30,19,5,,,
Murdoch,Rhoda May,Rhoda May Murdoch,Presbyterian Minister,Minister,,,,Yes,,1887,Ayrshire,SW Scotland,,Scotland,Scotland,Scotland,Scot/Scot,Presbyterian,,1972,Preston,,England,1904,EMCW,Edinburgh,Scotland,1910,Edinburgh,Edinburgh,,,,,,,,,,,,,,,,,,,,,23,85,17,6,,90.6,
Murray,Janet Marr,Janet Marr Murray,Steam Boat Manager,Commerce,,,,Yes,23 Sep 1879,1879,"Campbelltown, Argyllshire",West of Scotland,Q1012490,Scotland,Scotland,Scotland,Scot/Scot,Anglican,21991,1960,Ayrshire,,Scotland,1900,EMCW,Edinburgh,Scotland,1906,Edinburgh,Edinburgh,,,,,Doncaster,,Sheffield,England,,,,,,,No,,,,,,27,81,21,6,,94.12,
Nannetti,Mary Finch,Mary Finch Nannetti,Wine merchant,Retail,,,,Yes,,1871,London,London,Q84,England,England,England/Scotland,Eng/Scot,Anglican,,1946,Troon,,Scotland,1891,EMCW,Edinburgh,Scotland,1897,Edinburgh,Triple,,,,,Kirkmichael,,,Ayrshire,Ayrshire,Obst&Gyn,NS,Ayrshire,NS,NS,No,,,,,,26,75,20,6,,,
Naoroji,Meher Ardeshir Dadabhai,Meher Ardeshir Dadabhai  Naoroji,Doctor,Medical,,,,Yes,10 Oct 1881,1881,Bombay,India,Q1156,India,India & Ceylon,Indian,SA/SA,Parsi,,1974,India,,S Asia,1901,EMCW,Edinburgh,Scotland,1906,Edinburgh,Edinburgh,Bombay,,,,,,Bombay,India,,,,,,,,"Born & Worked, Bombay",,,,,25,93,20,5,,,
Nash,Louisa Charlotte,Louisa Charlotte Nash,Master Mariner then Advocate,Army Officers,,,,Yes,,1853,Bombay,India,Q1156,India,India & Ceylon,Anglo-Indian,SA/SA,Anglican,,1928,Karachi,,S Asia,1888,ESMW & EMCW,Edinburgh,Scotland,1894,Edinburgh,Triple,,,,Karachi,Karachi,,Karachi,Karachi,Karachi,NS,NS,Karachi,NS,NS,Dufferin,"Born & Worked, Sindh",,,,,41,75,35,6,,,
Neild,Edith,Edith Neild,Surgeon,Medical,,,,Yes,,1874,Plymouth,SW England,,England,England,England/Scotland,Eng/Scot,Quaker,,1927,Sussex,,England,1892,ESMW,Edinburgh,Scotland,1898,Edinburgh,Triple,,,,,,,,Kent,Tunbridge Wells,NS,NS,Tunbridge Wells,NS,NS,No,,,,,46692,24,53,18,6,,,
Neilson or Nelson,Katherine Beatson Arbuckle,Katherine Beatson Arbuckle Neilson or Nelson,Farmer,Farmer,McNeill,Doctor,Medical,Yes,22 July 1884,1884,Innerwick,SE Scotland,,Scotland,Scotland,Scotland,Scot/Scot,,,A1940,,,,1902,Edinburgh,Edinburgh,Scotland,1908,Edinburgh,Edinburgh,,,,,,,,,,,,,,,,,,,,,24,#VALUE!,18,6,,113.8,
Newton,Jeanie or Jessie,Jeanie or Jessie Newton,NK,NK,,,,Yes,10-Jun-1873,1873,Mussoorie,India,,India,India & Ceylon,NK,NK/NK,,,A1926,,,,1895,EMCW,Edinburgh,Scotland,1901,Edinburgh,Triple,,,,,"Kotah, Rajputana",,Kotah,India,,,,,,,Dufferin,"Born & Worked, Rajputana",,,,,28,#VALUE!,22,6,,,
Northcroft,Hilda Margaret,Hilda Margaret Northcroft,"Soldier, judge",Army Officers,,,,Yes,22 Apr 1882,1882,Hamilton,NZ,,New Zealand,Empire,England/Canadian,Eng/Oth,Anglican,18783,1951,NZ,,Australasia,1902,Edinburgh,Edinburgh,Scotland,1908,Edinburgh,Edinburgh,,,,,,,Bingley,England,Stafford,NS,PP Dawes & Northcroft,New Zealand,NS,NS,,,,,,,26,69,20,6,,,
O'Connor,Caroline Elizabeth,Caroline Elizabeth O'Connor,Land Agent,Dealers and Agents,,,,Yes,,1866,"Longford, Ireland",Leinster,,Ireland,Ireland,Ireland,Ir/Ir,CoI,,1922,Essex,,England,1895,EMCW,Edinburgh,Scotland,1900,Edinburgh,Edinburgh,,,,,Birmingham,,,,,,,,,,,,,,,44986,34,56,29,5,,,
O'Flynn,Sarah Mary Josephine,Sarah Mary Josephine O'Flynn,Wool miller,Manufacturer,Winstedt,FMS civil servant,Official,Yes,,1888,County Clare,Munster,,Ireland,Ireland,Ireland,Ir/Ir,Catholic,,1972,Hampshire,,England,1907,EMCW/ESMW,Edinburgh,Scotland,1912,Edinburgh,Edinburgh,,,,,,,,,,,,,,,,,,Malta att to RAMC,Malta,,24,84,19,5,Arrested as suffragette 1910; joined the colonial medical service,,
Orchard,Ethel Adelaide,Ethel Adelaide Orchard,Methodist minister,Minister,Sands,Auctioneer,Retail,Yes,4 Oct 1881,1881,Shepparton,Victoria,Q707030,Australia,Empire,England/Ireland,Eng/Ir,Methodist,,1966,NZ,,Australasia,1900,EMCW,Edinburgh,Scotland,1908,Edinburgh,Triple,,,,,,,Christchurch,NZ,,,,,,,,,,,,,27,85,19,8,,,
Palmer,Jane Murray Sophie,Jane Murray Sophie Palmer,CoE Minister,Minister,Heard,IMS,Medical,Yes,,1873,"Standwick, Yorks N",North of England,,England,England,England/Scotland,Eng/Scot,Anglican,,1954,Somerset,,England,1896,EMCW,Edinburgh,Scotland,1902,Edinburgh,Edinburgh,,,,,Simla,,,,,,,,,,,"Worked, Punjab",,,,,29,81,23,6,,31.1,
Paterson,Dora Elizabeth,Dora Elizabeth Paterson,Free Church Minister,Minister,Wheeler,Doctor,Medical,Yes,,1887,Edinburgh,SE Scotland,Q23436,Scotland,Scotland,Scotland,Scot/Scot,Presbyterian,,1965,Lancashire,,England,1904,ESMW2,Edinburgh,Scotland,1910,Edinburgh,Edinburgh,,,,,,,Accrington,England,,,,,,,,,,,,,23,78,17,6,,109.4,
Pearse,Margaret Elizabeth,Margaret Elizabeth Pearse,Missionary,Minister,Alden,Journalist & lecturer,Official,Yes,,1867,Madagascar,Africa,,Madagascar,Other,England/Scotland,Eng/Scot,Congregational,,1958,Essex,,England,1886,ESMW,Edinburgh,Scotland,1890,Edinburgh,Triple,MD Berne 1892,,London,London,Essex,,Essex,England,,,,,,,,,,,,,23,91,19,4,,,
Pepper,Mary Churchill,Mary Churchill Pepper,Lieutenant-Colonel,Army Officers,McKaig,Medical missionary,Medical and Minister,Yes,,1875,Hampshire,South of England,,England,England,Ireland/England,Ir/Engl,Anglican,,1958,Mayo,,Ireland,1895,EMCW,Edinburgh,Scotland,1900,Edinburgh,Edinburgh,,,,,Kalimpong,,,,,,,,,,,"Worked, Bengal",,,,,25,83,20,5,,,
Pierce,Winifred Jane,Winifred Jane Pierce,Indian Subordinate Medical Service,Medical,Waters,Doctor,Medical,Yes,19 Nov 1870,1870,Gwalior,India,,India,India & Ceylon,Anglo-Indian/Australia,SA/Oth,,,1951,Gloucester,,England,1890,ESMW,Edinburgh,Scotland,1897,Edinburgh,Edinburgh,,,,,,,Jamalpur & Mussoorie,India,India,Physician,"Consultant, European Cottage Hospital",India,Physician,"Consultant, European Cottage Hospital",Dufferin,"Born & Worked, Bihar & UP",,,,,27,81,20,7,,,
Plum,Margarethe,Margarethe Plum,Wholesaler,Wholesaler,Marriner,Doctor,Medical,Yes,,1886,Denmark,Denmark,,Denmark,Other,Danish,Oth/Oth,Lutheran,,1947,Kent,,England,1907,EMCW,Edinburgh,Scotland,1913,Edinburgh,Edinburgh,,,,,,,,,,,,,,,,,,,,,27,61,21,6,,,
Porter,Agnes Ellen,Agnes Ellen Porter,Tea planter,Farmer,Miller,Lawyer,Legal,Yes,,1881,Ceylon,Ceylon,,Ceylon,India & Ceylon,Scotland,Scot/Scot,,,1956,Edinburgh,,Scotland,1900,EMCW & Strasbourg,Edinburgh,Scotland,1906,Edinburgh,Edinburgh,MD Ed 1909,,,,,,Edinburgh,Edinburgh,Edinburgh,DPH,Carnegie Research fellow,,,,,Born,,Valjevo 1-Aug-15 12-Feb-16,SWHFS,,25,75,19,6,,?,
Pratt,Dorothy Ellen,Dorothy Ellen Pratt,Business Manager In India,Commerce,,,,Yes,,1870,Calcutta,India,Q1348,India,India & Ceylon,Anglo-Indian,SA/SA,Anglican,,1918,Basingstoke,,England,1890,EMCW,Edinburgh,Scotland,1898,Edinburgh,Edinburgh,,,,,Srinigar,,,,,,,,,,Dufferin,"Born & Worked, Kashmir",,Malta,Malta,,28,48,20,8,"Calcutta 1890, UK 1896/7",,
Price,Florence Margaret Sarah,Florence Margaret Sarah Price,Doctor,Medical,Thomas,Surgeon,Medical,Yes,,1880,Glamorgan,Wales,,Wales,Wales,Wales,Eng/Eng,Anglican,,1957,Dorset,,England,1899,EMCW,Edinburgh,Scotland,1904,Edinburgh,Edinburgh,,,,,Carmarthen,,,,,,,,,,,,,,,,24,77,19,5,,,
Pringle,Agnes Melville,Agnes Melville Pringle,Farmer & Currier,Farmer,,,,Yes,,1871,Edinburgh,SE Scotland,Q23436,Scotland,Scotland,Scotland,Scot/Scot,,,1947,Edinburgh,,Scotland,1897,EMCW,Edinburgh,Scotland,1902,Edinburgh,Edinburgh,,,,,Morpeth,,,,c/o Edinburgh,DPH,NS,Newcastle-upon-Tyne,DPH,ASMO Newcastle,,,,,,,31,76,26,5,,?,
Pringle,Isabella Ferrier,Isabella Ferrier Pringle,Hosier & Stationer,Retail,,,,Yes,,1876,Edinburgh,SE Scotland,Q23436,Scotland,Scotland,Scotland,Scot/Scot,,,1963,Edinburgh,,Scotland,1904,ESMW2,Edinburgh,Scotland,1909,Edinburgh,Edinburgh,,,,,,,,,,,,,,,EMMS,,"Manchuria, 1911-16",,,23285,33,87,28,5,,108.3,
Pringle,Julia Letitia,Julia Letitia Pringle,Solicitor,"Legal, accounts,para-legal",,,,Yes,,1879,Edinburgh,SE Scotland,Q23436,Scotland,Scotland,Scotland,Scot/Scot,Presbyterian,,1960,Edinburgh,,Scotland,1898,EMCW,Edinburgh,Scotland,1903,Edinburgh,Edinburgh,,,,,Edinburgh,,,,Dundee,Ophthalmology,Asst Opth Dundee Eyee Inst,,,,,,,,,22098,24,81,19,5,,,
Pugh,Laura Williams,Laura Williams Pugh,Flannel manufacturer,Manufacturer,,,,Yes,,1875,Machynlleth,Wales,,Wales,Wales,Wales,Eng/Eng,,,1926,Cardiff,,Wales,1903,Birmingham & Edinburgh,Edinburgh,Scotland,1908,Edinburgh,Edinburgh,,,,,,,NS,NS,London,NS,AMO West Ham Union Asylum,London,NS,AMO West Ham Union Asylum,,,,,,,33,51,28,5,,,
Pycroft,Edith Gertrude,Edith Gertrude Pycroft,Dentist,Paramedical,Benischowitz,Lawyer,Legal,Yes,,1883,Edinburgh,SE Scotland,Q23436,Scotland,Scotland,England,Eng/Eng,Anglican,,1980,Cape Town,,Africa,1901,EMCW,Edinburgh,Scotland,1906,Edinburgh,Edinburgh,,,,,,,,,,,,,,,,,,,,,23,97,18,5,,122.17,
Ramsay,Mabel Lida,Mabel Lida Ramsay,Naval paymaster,Official,,,,Yes,,1878,Surrey,South of England,,England,England,Malta/Bermuda,Oth/Oth,Anglican,,1954,Sheffield,,England,1900,EMCW,Edinburgh,Scotland,1906,Edinburgh,Edinburgh,,,,,,,,,,,,,,,,,,Women's Imperial Service League,,19906,28,76,22,6,,,
Rankine,Mary Doughty,Mary Doughty Rankine,Wholesale Boot Factor,Wholesaler,,,,Yes,,1887,Edinburgh,SE Scotland,Q23436,Scotland,Scotland,Scotland,Scot/Scot,,,1970,Essex,,England,1905,ESMW2,Edinburgh,Scotland,1912,Edinburgh,Edinburgh,,,,,,,,,Edinburgh,NS,NS,,,,,,,,,,25,83,18,7,,?,
Rees,Myfanwy Dyfed,Myfanwy Dyfed Rees,Missionary,Minister,Witney,Missionary,Minister,Yes,,1883,Denbigh,Wales,,Wales,Wales,Wales,Eng/Eng,Congregational,,1951,Sussex,,England,1903,EMCW,Edinburgh,Scotland,1908,Edinburgh,Edinburgh,,,,,,,,,Edinburgh or Hankow,NS,NS,Madras,NS,Women's hospital,EMMS,"Worked, Madras, 1920 to 1940",,,,,25,68,20,5,Doctor to political prisoners in Madras,,
Richardson,Barbara,Barbara Richardson,Farmer,Farmer,,,,Yes,,1881,Derbyshire,East Midlands,,England,England,England,Eng/Eng,Methodist,,1964,Nottingham,,England,1902,EMCW,Edinburgh,Scotland,1907,Edinburgh,Edinburgh,,,,,,,"Medak, Hyderabad",India,,,,Medak,NS,NS,Wesleyan,"Worked, Hyderabad",,Royaumont 2-May-18 4-Nov-18,SWHFS,,26,83,21,5,,,
Richardson,Catherine Mary,Catherine Mary Richardson,Leather manufacturer,Manufacturer,,,,Yes,,1874,Newcastle,North of England,,England,England,England,Eng/Eng,Quaker,,1957,Northumberland,,England,1894,Durham & EMCW,Edinburgh,Scotland,1900,Edinburgh,Edinburgh,,,,,Sunderland,,,,,,,,,,,,,,,21276,26,83,20,6,,,
Ritchie,Beatrice May,Beatrice May Ritchie,Civil Engineer,Engineer,Russell,Doctor,Medical,Yes,,1872,Perth,Central Scotland,,Scotland,Scotland,Scotland,Scot/Scot,Presbyterian,,1962,Edinburgh,,Scotland,1890,ESMW & EMCW,Edinburgh,Scotland,1894,Edinburgh,Triple,,,,Edinburgh,"8 Walker St, Edinburgh",,,Edinburgh,Edinburgh,NS,NS,Edinburgh,NS,NS,No,,,,,,22,90,18,4,Mother's first marriage in India,,
Robertson,Eva Anne,Eva Anne Robertson,Farmer,Farmer,,,,,,1880,Dunkeld,Central Scotland,,Scotland,Scotland,Scotland,Scot/Scot,,,1974,Dunkeld,,Scotland,1898,EMCW,Edinburgh,Scotland,1903,Edinburgh,Edinburgh,CDTC,,,,,,Dunkeld,Scotland,Perthshire,NS,NS,,,,,,,,,,23,94,18,5,,47.5,
Robertson,Jean or Jane Fraser,Jean or Jane Fraser Robertson,Free Church Minister,Minister,Mills,Civil engineer,Engineer,Yes,,1870,Edinburgh,SE Scotland,Q23436,Scotland,Scotland,Scotland,Scot/Scot,Presbyterian,,1943,Sussex,,England,1888,ESMW,Edinburgh,Scotland,1892,Edinburgh,Triple,,,,,,,Kent,England,,,,,,,,Husband retired civil engineer,,,,,22,73,18,4,,,
Robertson,Jean Sinclair Dobson,Jean Sinclair Dobson Robertson,Inland Revenue Excise Officer,Government official,,,,Yes,,1872,Alness,Highlands & Islands,Q582452,Scotland,Scotland,Scotland/England,Scot/Engl,Anglican,,1908,Edinburgh,,Scotland,1891,ESMW,Edinburgh,Scotland,1899,Edinburgh,Triple,,,,,,,,,,,,,,,No,,,,,,27,36,19,8,,,
Robertson,Margaret Helen,Margaret Helen Robertson,Chemist & Druggist,Paramedical,Hutton,Doctor,Medical,Yes,,1881,Mull,Highlands & Islands,,Scotland,Scotland,Scotland,Scot/Scot,,,1968,Dorset,,England,1899,EMCW,Edinburgh,Scotland,1904,Edinburgh,Edinburgh,,,,,Oban,,Oldham,England,,,,,,,,,,,,,23,87,18,5,,74.11,
Robinson,Agatha Mary,Agatha Mary Robinson,Engineer,Engineer,Clark,Broker,Commerce,Yes,,1882,Bhagalpur,India,Q760714,India,India & Ceylon,NK,NK/NK,Baptist,,1916,Glamorgan,,Wales,1902,ESMW2,Edinburgh,Scotland,1909,Edinburgh,Edinburgh,,,,,,,,,,,,,,,,Born,,,,,27,34,20,7,,,
Robinson,Amy,Amy Robinson,Shipowner and shipbroker,Commerce,,,,Yes,,1880,Northumberland,North of England,,England,England,England,Eng/Eng,Presbyterian,,1953,Whitley Bay,,England,1898,EMCW,Edinburgh,Scotland,1903,Edinburgh,Edinburgh,CDTC; MD Ed 1909,,,North Shields,North Shields,,Bhagalpur,India,North Shields,NS,NS,North Shields,NS,MS Infant consultations,CSZMS,"Worked, Bihar",,,,,23,73,18,5,,,
Rose,Lizzie,Lizzie Rose,Chartered Accountant,"Legal, accounts,para-legal",,,,Yes,,1872,Eskbank,SE Scotland,,Scotland,Scotland,Scotland,Scot/Scot,Presbyterian,,1931,Preston,,England,1905,ESMW2,Edinburgh,Scotland,1910,Edinburgh,Edinburgh,,,,,,,,,,,,,,,,,,,,,38,59,33,5,,?,
Ross,Mabel,Mabel Ross,Solicitor,"Legal, accounts,para-legal",,,,,,1877,Edinburgh,SE Scotland,Q23436,Scotland,Scotland,Scotland,Scot/Scot,Presbyterian,,1904,Leith,,Scotland,1898,EMCW,Edinburgh,Scotland,1903,Edinburgh,Edinburgh,CDTC,,,,,,,,,,,,,,,,,,,,26,27,21,5,,,
Ross,Marguerita Clara Anne,Marguerita Clara Anne Ross,"Superintendent, Indian civil service",Government official,Wight,Medical Missionary,Medical and Minister,Yes,,1881,Calcutta,India,Q1348,India,India & Ceylon,Anglo-Indian,SA/SA,Presbyterian,,1914,At sea,,Other,1902,Edinburgh,Edinburgh,Scotland,1908,Edinburgh,Edinburgh,,,,,,,Edinburgh,Edinburgh,,,,,,,EMMS,Born,,,,,27,33,21,6,,54.14,
Ross,Sheila Margaret,Sheila Margaret Ross,Free Church Minister,Minister,,,,Yes,,1874,Appin,Highlands & Islands,Q1404409,Scotland,Scotland,Scotland,Scot/Scot,Presbyterian,,1962,Kent,,England,1898,EMCW,Edinburgh,Scotland,1904,Edinburgh,Edinburgh,,,,,,,,,,,,,,,,,,,,,30,88,24,6,,,
Rougvie,Annie Moss Morrison,Annie Moss Morrison Rougvie,Insurance clerk,Official,,,,Yes,17 Apr 1888,1888,Edinburgh,SE Scotland,Q23436,Scotland,Scotland,Scotland,Scot/Scot,,27359,1974,London,,England,1906,ESMW2,Edinburgh,Scotland,1911,Edinburgh,Edinburgh,,,,,,,,,Edinburgh,NS,NS,,,,,,,Malta,Malta,,23,86,18,5,,,
Sampson,Katharine Constance,Katharine Constance Sampson,ICS retired,Official,Mackillop Young,Free Church Minister,Minister,Yes,,1873,Ilkley,NE England,,England,England,England,Eng/Eng,Anglican,,1942,Edinburgh,,Scotland,1894,EMCW,Edinburgh,Scotland,1899,Edinburgh,Triple,,,Darlington,,China,,China,China,,,,,,,EMMS,,"Worked, mission",,,,26,69,21,5,,,
Sandeman,Laura Stuart or Stewart,Laura Stuart or Stewart Sandeman,Cotton spinning manager,Commerce,,,,Yes,,1862,Lancashire,NW England,,England,England,Scotland,Scot/Scot,Anglican,,1929,Aberdeen,,Scotland,1895,Dundee & EMCW,Edinburgh,Scotland,1900,Edinburgh,Edinburgh,,,,,Aberdeen,,,,,,,,,,,,,Girton Newnham 8-May-15 1-Sep-15,SWHFS,July 1929 (includes photograph),38,67,33,5,,,
Saunders,Elsie Blair,Elsie Blair Saunders,Architect,Official,Chambers,IMS,Medical,Yes,,1879,Kettering,East Midlands,,England,England,England,Eng/Eng,,,1954,Hertfordshire,,England,1899,LSMW & EMCW,Edinburgh,Scotland,1906,Edinburgh,Edinburgh,,,,,,,,,,,,,,,,"Worked, Bangalore, 1920",,,,,27,75,20,7,,70.7,
Sayba,Anissa,Anissa Sayba,NK,NK,,,,Yes,,1870,Syria,Asia,,Other,Other,Syrian,Oth/Oth,Evangelical,,1944,Cairo,,Africa,1894,LSMW & EMCW,Edinburgh,Scotland,1899,Edinburgh,Edinburgh,,,,,"Cairo, Egypt",,,,,,,,,,,,,,,,29,74,24,5,,,
Schaeffer later Shepherd,Charlotte Dorothy,Charlotte Dorothy Schaeffer later Shepherd,Missionary,Minister,,,,Yes,,1885,"Tranquebar, Madras",India,,India,India & Ceylon,Germany,Oth/Oth,Lutheran/CoE,,1952,London,,England,1903,EMCW,Edinburgh,Scotland,1910,Edinburgh,Edinburgh,,,,,,,,,,,,,,,,Born,,,,,25,67,18,7,,,
Scott,Dorothy Mary,Dorothy Mary Scott,Solicitor,"Legal, accounts,para-legal",,,,Yes,,1885,"York, E Riding",NE England,,England,England,England,Eng/Eng,Anglican,,1962,Yorkshire,,England,1907,EMCW,Edinburgh,Scotland,1912,Edinburgh,Edinburgh,,,,,,,,,,,,,,,,"Worked, Delhi, 1925-30",,,,,27,77,22,5,,,
Scott,Jessie Anne,Jessie Anne Scott,Farmer,Farmer,,,,Yes,,1883,Canterbury,Canterbury,,New Zealand,Empire,Scotland,Scot/Scot,,,1959,Christchurch,,Australasia,1904,ESMW2,Edinburgh,Scotland,1909,Edinburgh,Edinburgh,,,,,,,,,,,,,,,,,,America Unit 4-Aug-16 1-Jan-17,SWHFS,,26,76,21,5,,107.2,
Selkirk,Elizabeth Thomson,Elizabeth Thomson Selkirk,Free Church Minister,Minister,,,,Yes,,1876,Aberdeen,NE Scotland,Q36405,Scotland,Scotland,Scotland/Ireland,Scot/Ir,Presbyterian,,1948,Edinburgh,,Scotland,1895,EMCW,Edinburgh,Scotland,1900,Edinburgh,Edinburgh,,,,Sialkot,Edinburgh,,,,Edinburgh,NS,RMO Craigleith Poorhouse,,,,,"Worked, Punjab",,,,,24,72,19,5,,18.18,
Shand,Maud Tresillian,Maud Tresillian Shand,Gentleman,Landowner & Gentleman,Féré then McFarlane,Doctor then sheep farmer,Medical,Yes,,1876,Christchurch,New Zealand,,New Zealand,Empire,England/USA,Eng/Oth,,,1965,"Christchurch, NZ",,Australasia,1896,ESMW2,Edinburgh,Scotland,1909,Edinburgh,Triple,,,,,,,,,,,,,,,,,,,,,33,89,20,13,"1896 NZ, 1908 Edinburgh",,
Sharp,Alice Cameron,Alice Cameron Sharp,House factor,Official,Cameron,Doctor,Medical,Yes,,1883,Glasgow,West of Scotland,Q4093,Scotland,Scotland,Scotland,Scot/Scot,,,1942,Morayshire,,Scotland,1900,EMCW,Edinburgh,Scotland,1907,Edinburgh,Edinburgh,,,,,,,Glasgow,Scotland,Glasgow,NS,NS,,,,,,,Valjevo 1-Apr-15 22-Sep-15,SWHFS,,24,59,17,7,,,
Shawyer,Daisy Liddiard,Daisy Liddiard Shawyer,Chemist & Druggist,Paramedical,Longland,Missionary,Minister,Yes,,1883,Wiltshire,SW England,,England,England,England,Eng/Eng,,,1963,Reading,,England,1905,EMCW,Edinburgh,Scotland,1910,Edinburgh,Edinburgh,,,,,,,,,,,,,,,EMMS/Congo,,,,,,27,80,22,5,Huband missionary in Mozambique/Congo,,
Simson,Mary Harriet,Mary Harriet Simson,ICS Officer,Government official,Macnicol,Medical Missionary,Medical,Yes,,1871,Edinburgh,SE Scotland,Q23436,Scotland,Scotland,Scotland/Anglo-Indian,Scot/SA,Presbyterian,,1963,Edinburgh,,Scotland,1891,EMCW,Edinburgh,Scotland,1895,Edinburgh,Triple,,,,Ranaghat,"Mission hospital, Burdwan",,Fife,Scotland,Fifeshire,NS,NS,Edinburgh,NS,"MO, Bruntsfield Hospital","Ranaghat, UFC","Worked, Bengal",,,,23468,24,92,20,4,,,
Sinclair,Mary Frances,Mary Francis Sinclair,Free Church Minister,Minister,Bishop,Doctor,Medical,Yes,,1864,Perthshire,Central Scotland,,Scotland,Scotland,Scotland/American,Scot/Oth,Presbyterian,,1951,Cornwall,,England,1888,ESMW & EMCW,Edinburgh,Scotland,1894,Edinburgh,Triple,,,,,Guernsey,,Edinburgh,Edinburgh,,,,,,,,,,,,,30,87,24,6,,,
Smith,Annie Caroline,Annie Caroline Smith,Missionary,Minister,,,,Yes,,1867,Belgaum,India,,India,India & Ceylon,England,Eng/Eng,Congregational,,1963,Canada,,America,1891,ESMW,Edinburgh,Scotland,1895,Edinburgh,Triple,,,,,,,Gujarat,India,India,NS,Mission hospital,India,NS,Mission hospital,CoSM,"Born & Worked, Bombay",,,,,28,96,24,4,,,
Smith,Margaret Merry,Margaret Merry Smith,Farmer,Farmer,Brotherston,Solicitor,Legal,Yes,12 Oct 1877,1877,Wigtownshire,SW Scotland,,Scotland,Scotland,Scotland,Scot/Scot,Presbyterian,26223,1971,Edinburgh,,Scotland,1896,EMCW,Edinburgh,Scotland,1901,Edinburgh,Edinburgh,,,,,Stockport,,Edinburgh,Edinburgh,,,,,,,,,,,,26330,24,94,19,5,,,
Snowball,Eva Maud,Eva Maud Snowball,Draper,Retail,Cavanagh then Sutherland,Doctor then ?,Medical,Yes,,1871,Newcastle,North of England,,England,England,England,Eng/Eng,,,1964,Canada,,America,1898,EMCW,Edinburgh,Scotland,1903,Edinburgh,Edinburgh,,,,,Sheffield,,Sheffield,England,,,,,,,,,,,,,32,93,27,5,,39.18,
Sproull,Eleanor Rosina,Eleanor Rosina Sproull,Solicitor,"Legal, accounts,para-legal",,,,Yes,22 Sep 1867,1867,Carrickfergus,Ulster,Q1020354,Ireland,Ireland,Ireland,Ir/Ir,CoI,,1958,Staines,,England,1895,Belfast & EMCW,Edinburgh,Scotland,1900,Edinburgh,Edinburgh,,,,,Huddersfield,,,,,,,,,,,,,,,,33,91,28,5,,,
Stanley,Helen Willett,Helen Willett Stanley,Naval Captain,Army Officers,Fairley,Doctor,Medical,Yes,31-Oct-1873,1873,Calais,France,,France,Other,England/NK,Eng/NK,Anglican,,1944,Birmingham,,England,1892,EMCW,Edinburgh,Scotland,1897,Edinburgh,Triple,,,,Birmingham,Birmingham,,Birmingham,England,Birmingham,NS,Private practice,Birmingham,NS,Private practice,No,,,,,16254,24,71,19,5,,,
Starmer,Ethel Louisa,Ethel Louisa Starmer,Independent Minister,Minister,O'Melvena,Missionary,Minister,Yes,,1870,Derbyshire,East Midlands,,England,England,England,Eng/Eng,Congregational,,1965,Norfolk,,England,1892,EMCW & ESMW,Edinburgh,Scotland,1897,Edinburgh,Edinburgh,,,,Moukden,,,,China,China,NS,Mission hospital,China,NS,Mission hospital,United Presbyterian,,Worked,,,,27,95,22,5,,,
Stenhouse,Isabella,Isabella Stenhouse,Corn Merchant,Retail,Lane,Barrister,Legal,Yes,,1887,Edinburgh,SE Scotland,Q23436,Scotland,Scotland,Scotland,Scot/Scot,,,1983,London,,England,1908,ESMW,Edinburgh,Scotland,1912,Edinburgh,Edinburgh,,,,,,,,,,,,,,,,,,French Red Cross; Malta,Malta & RC,,25,96,21,4,,,
Stevenson,Dorothy Wilhelmine,Dorothy Wilhelmine Stevenson,Free Church Minister,Minister,Heynemann,Yarn merchant,Merchant,Yes,,1882,Madras,India,,India,India & Ceylon,Scotland,Scot/Scot,Presbyterian,,1970,Somerset,,England,1901,EMCW,Edinburgh,Scotland,1907,Edinburgh,Edinburgh,,,,,,,Bradford,England,,,,,,,,Born,,,,,25,88,19,6,,11.6,
Stevenson,Maud Muriel,Maud Muriel Stevenson,Minister,Minister,Gavin,Doctor,Medical,Yes,,1875,Dublin,Leinster,,Ireland,Ireland,Ireland,Ir/Ir,Presbyterian,,1957,Edinburgh,,Scotland,1892,EMCW,Edinburgh,Scotland,1901,Edinburgh,Edinburgh,,,,,"Anand, India",,Anand,India,,,,,,,EMMS,"Worked, Bombay",,,,21276,26,82,17,9,,,
Stuart,Esther Molyneux,Esther Molyneux Stuart,Shipowner,Commerce,Parkinson,Doctor,Medical,Yes,19 Jan 1877,1877,London,London,Q84,England,England,England,Eng/Eng,Anglican,4646,1912,Tyneside,,England,1892,LSMW & EMCW,Edinburgh,Scotland,1899,Edinburgh,Edinburgh,"DPH & Bhy Durham, 1902",,,,Newcastle-on-Tyne,,,,,,,,,,,,,,,,22,35,15,7,,,
Stuart,Euphemia Paterson Moncrieffe,Euphemia Paterson Moncrieffe Stuart,Solicitor,"Legal, accounts,para-legal",Brander,Doctor,Medical,Yes,,1880,Edinburgh,SE Scotland,Q23436,Scotland,Scotland,Scotland,Scot/Scot,Presbyterian,,1960,London,,England,1898,EMCW,Edinburgh,Scotland,1904,Edinburgh,Edinburgh,,,,,Fife,,,,,,,,,,,,,,,,24,80,18,6,,,
Sutcliffe,Amelia,Amelia Sutcliffe,Dyer & Finisher,Manufacturer,Sharp,Surgeon,Medical,Yes,,1878,"Ilkley, Yorks W",NE England,,England,England,England,Eng/Eng,Anglican,,1961,Leeds,,England,1897,EMCW,Edinburgh,Scotland,1903,Edinburgh,Edinburgh,,,,,Leeds,,,,,,,,,,,,,,,,25,83,19,6,,,
Theobalds,Annie Florence,Annie Florence Theobalds,Accountant,"Legal, accounts,para-legal",,,,Yes,,1874,Cheshire,NW England,,England,England,England/Anglo-Indian,Eng/SA,Anglican,,1937,Derbyshire,,England,1899,EMCW,Edinburgh,Scotland,1905,Edinburgh,Edinburgh,,,,,Buxton,,Buxton,England,,,,,,,,Mother born,,,,,31,63,25,6,,,
Thompson,Alice Maud,Alice Maud Thompson,CoE minister,Minister,,,,Yes,,1882,Brighton,South of England,,England,England,England,Eng/Eng,Anglican,,1911,Brighton,,England,1902,EMCW,Edinburgh,Scotland,1908,Edinburgh,Edinburgh,,,,,,,,,,,,,,,,,,,,,26,29,20,6,,,
Thompson,Eleanor Margaret,Eleanor Margaret Thompson,CoE minister,Minister,,,,Yes,,1877,Brighton,South of England,,England,England,England,Eng/Eng,Anglican,,1945,Brighton,,England,1900,ESMW2,Edinburgh,Scotland,1909,Edinburgh,Edinburgh,,,,,,,,,,,,,,,,,,,,,32,68,23,9,,,
Thomson,Emily Charlotte,Emily Charlotte Thomson,Schools inspector,Teacher,,,,Yes,,1863,Lahore,India,,India,India & Ceylon,Scotland/Anglo-Indian,Scot/SA,Presbyterian,,1955,Surrey,,England,1888,ESMW,Edinburgh,Scotland,1891,Edinburgh,Triple,,,Dundee,Dundee,Dundee,,Dundee,Scotland,Dundee,NS,MO Private Hospital for Women,,,,,Born,,,,20455,28,92,25,3,,,
Thomson,Lillias Jane,Lillias Jane Thomson,Schoolteacher,Teacher,,,,Yes,13 Jan 1862,1862,"Montrose, AngusForfar",Central Scotland,Q420303,Scotland,Scotland,Scotland,Scot/Scot,Presbyterian,,1953,Angus,,Scotland,1890,ESMW,Edinburgh,Scotland,1895,Edinburgh,Triple,,,Edinburgh,Edinburgh,,,Jaipur,India,Jaipur,NS,Mission hospital,Jaipur,NS,Mission hospital,UFCofS WFMS,"Worked, Rajasthan",,,,,33,91,28,5,,,
Thomson,Martha May,Martha May Thomson,Timber Merchant,Retail,,,,Yes,,1875,Edinburgh,SE Scotland,Q23436,Scotland,Scotland,Scotland,Scot/Scot,,,1955,Edinburgh,,Scotland,1897,EMCW,Edinburgh,Scotland,1902,Edinburgh,Triple,,,,,Leeds,,,,Yorkshire,DPH,AMO Huddersfield,,,,,,,,,,27,80,22,5,,,
Thomson,Ruby/Robina Blacklock,Ruby/Robina Blacklock Thomson,Doctor,Medical,,,,Yes,,1889,Hong Kong,China,,China,Other,Scotland,Scot/Scot,,,1941,London,,England,1907,ESMW2,Edinburgh,Scotland,1912,Edinburgh,Edinburgh,,,,,,,,,Stafford,NS,ASMO Staffs,London,DPH,AMOH Fulham,,,,,,,23,52,18,5,,,
Todd,Margaret Georgina,Margaret Georgina Todd,East India Agent,Dealers and Agents,,,,Yes,,1859,Glasgow,West of Scotland,Q4093,Scotland,Scotland,Scotland/Anglo-Indian,Scot/SA,,,1918,Sussex,,England,1886,ESMW,Edinburgh,Scotland,1893,Edinburgh,Triple,,,,,,,,,,,,,,,,Father; siblings born in India,,,,,34,59,27,7,,,
Towers,Lydia Knight,Lydia Knight Towers,Medical Staff Captain,Medical,Kerr,Master printer,retail,Yes,,1883,Nova Scotia,canada,,Canada,Empire,Scotland/England,Scot/Engl,Presbyterian,,1977,London,,England,1902,EMCW,Edinburgh,Scotland,1907,Edinburgh,Edinburgh,,,,,,,Edinburgh,Scotland,,,,,,,,,,,,,24,94,19,5,,133.7,
Traill,Jeannie Hamilton,Jeannie Hamilton Traill,Presbyterian Minister,Minister,Cumming,Doctor,Medical,Yes,,1873,Jaipur,India,,India,India & Ceylon,Scotland,Scot/Scot,Presbyterian,,1948,Australia,,Australasia,1895,EMCW,Edinburgh,Scotland,1899,Edinburgh,Triple,,,,,Edinburgh,,,,Edinburgh,NS,NS,,,,,Born,,,,,26,75,22,4,,,
Tredway-Leonard,Margaret Olive,Margaret Olive Tredway-Leonard,"Hon. Aide-de-Camp, Lt Col",Army Officers,Gumprich,Merchant,Merchant,Yes,,1881,Bangalore,India,,India,India & Ceylon,Anglo-Indian,SA/SA,,,1957,Zimbabwe,,Africa,1900,EMCW,Edinburgh,Scotland,1906,Edinburgh,Edinburgh,,,,,,,Shikarpur,India,,,,,,,,"Born & worked, Bombay",,,,,25,76,19,6,,,
Turnbull,Janet (Nettie) Bell,Janet (Nettie) Bell Turnbull,Farmer,Farmer,,,,Yes,,1879,Ross-shire,Highlands & Islands,,Scotland,Scotland,Scotland,Scot/Scot,Presbyterian,,1929,Ipswich,,England,1900,EMCW,Edinburgh,Scotland,1906,Edinburgh,Edinburgh,,,,,Clapham,,London,London,Clapham,NS,MO Maternity Hospital,Clapham,NS,MO School for mothers,,,,,,,27,50,21,6,,92.8,
Turpie,Mary Murray McCalman,Mary Murray McCalman Turpie,Presbyterian Minister,Minister,,,,Yes,,1874,North Berwick,SE Scotland,,Scotland,Scotland,Scotland/England,Scot/Engl,Presbyterian,,1952,Haddington,,Scotland,1902,EMCW,Edinburgh,Scotland,1910,Edinburgh,Edinburgh,,,,,,,CP,India,c/o Edinburgh,NS,NS,c/o Edinburgh,NS,NS,CoSM,"Worked, CP",,,,,36,78,28,8,Also worked in S Africa,93.9,
Twigge,Caroline,Caroline Twigge,Merchant,Retail,Matthews,Surgeon,Medical,Yes,,1877,Liverpool,NW England,,England,England,England,Eng/Eng,Anglican,,1927,London,,England,1898,EMCW,Edinburgh,Scotland,1903,Edinburgh,Edinburgh,,,,,,,,,,,,,,,,,,,,46569,26,50,21,5,,,
Urquhart,Annie Davidson,Annie Davidson Urquhart,Solicitor,"Legal, accounts,para-legal",Young,Doctor,Medical,Yes,,1882,Edinburgh,SE Scotland,Q23436,Scotland,Scotland,Scotland,Scot/Scot,,,1974,Edinburgh,,Scotland,1901,EMCW,Edinburgh,Scotland,1906,Edinburgh,Edinburgh,,,,,Morpeth,,Bearsden,Glasgow,Dumbartonshire,NS,NS,,,,,,,,,Winter 1975,24,92,19,5,,,
van Dort,Claribel Frances,Claribel Frances van Dort,Doctor,Medical,Spittel,Doctor,Medical,Yes,,1876,Colombo,Ceylon,,Ceylon,India & Ceylon,Anglo-Ceylonese,SA/SA,Presbyterian,,A1942,Ceylon,,S Asia,1896,EMCW,Edinburgh,Scotland,1907,Edinburgh,Triple,,,,,,,Colombo,Ceylon,,,,,,,,"Born & worked, Ceylon",,,,4th Ceylon woman doctor,31,#VALUE!,20,11,,,
Venters,Anne Low,Anne Low Venters,Inland Revenue Excise Officer,Government official,Horne,Farmer,Farmer,Yes,,1875,Renfrewshire,West of Scotland,,Scotland,Scotland,Scotland,Scot/Scot,,,1930,Orkney,,Scotland,1895,EMCW,Edinburgh,Scotland,1902,Edinburgh,Triple,,,,,Orkney,,,,Orkney,NS,NS,,,,,,,,,,27,55,20,7,Anne Low and Isabella Venters were sisters,,
Venters,Isabella Beattie,Isabella Beattie Venters,Inland Revenue Excise Officer,Government official,,,,Yes,,1869,Blairgowrie,Central Scotland,,Scotland,Scotland,Scotland,Scot/Scot,,,1940,Stirlingshire,,Scotland,1890,ESMW,Edinburgh,Scotland,1897,Edinburgh,Triple,,,,,,,,,Edinburgh,Surgeon & Gynaecologist,EHWC,,,,,,,,,14702,28,71,21,7,Anne Low and Isabella Venters were sisters,,
Vickers,Helen Randall,Helen Randall Vickers,Oil refiner & Merchant,Merchant,Hadden,Doctor,Medical,,,1880,Leeds,NE England,,England,England,England,Eng/Eng,Non-conformist,,1983,Wexford,,Ireland,1898,EMCW,Edinburgh,Scotland,1905,Edinburgh,Edinburgh,,,,,China,,,,,,,,,,Wesleyan,Daughter born in HP,"Worked, Hunan",,,,25,103,18,7,,,
Wakefield,Frances Margaret,Frances Margaret Wakefield,"Banker, JP",Official,,,,Yes,,1879,Kendal,NW England,,England,England,England,Eng/Eng,Anglican,,1970,Bedfordshire,,England,1899,EMCW,Edinburgh,Scotland,1905,Edinburgh,Edinburgh,,,,,Nigeria,,,,,,,,,,,,,Kraguievatz 1-Dec-14 1-Jun-15,SWHFS,,26,91,20,6,,,
Wakefield,Helen M'Gregor,Helen M'Gregor Wakefield,Bank manager,Official,Walker,Engineer,Engineer,Yes,,1878,St Vincent,West Indies,,West Indies,Empire,England/NK,Eng/NK,Anglican,,1979,London,,England,1902,EMCW,Edinburgh,Scotland,1908,Edinburgh,Edinburgh,,,,,,,St Kitts,WI,,,,,,,,,,,,,30,101,24,6,,99.15,
Walker,Mary Broadfoot,Mary Broadfoot Walker,Solicitor,"Legal, accounts,para-legal",,,,Yes,,1888,Wigtownshire,SW Scotland,,Scotland,Scotland,Scotland,Scot/Scot,,,1974,Wigtown,,Scotland,1906,EMCW & Glasgow,Edinburgh,Scotland,1913,Edinburgh,Edinburgh,,,,,,,,,Wigtonshire,NS,NS,,,,,,,RAMC Salonika; Malta,Malta,,25,86,18,7,,,
Wall,Kathleen Gladys,Kathleen Gladys Wall,Burma civil service,Government official,Ferguson,University teacher,Teacher,Yes,,1888,Burma,India,,India,India & Ceylon,Anglo-Indian/Burmese,SA/SA,anglican,,A1925,,,,1906,"Calcutta, RCSI & ESMW",Edinburgh,Scotland,1913,Edinburgh,Triple,,,,,,,,,,,,,,,,"Born & worked, Burma",,,,,25,#VALUE!,18,7,"Calcutta 1906, UK 1909",,
Wallace,Mildred Jane,Mildred Jane Wallace,"Merchant, later farmer",Farmer,Croskery,Presbyterian Minister,Minister,Yes,,1866,Pittsburg,USA,,USA,Other,Ireland,Ir/Ir,Presbyterian,,1952,Belfast,,Ireland,1892,ESMW,Edinburgh,Scotland,1896,Edinburgh,Triple,,,,,,,,Belfast,NS,NS,NS,Tunbridge Wells,NS,NS,No,,,,,,30,86,26,4,,,
Walton,Janet Park,Janet Park Walton,Free Church Minister,Minister,Smyth,Doctor,Medical,Yes,,1890,Dundee,Central Scotland,Q123709,Scotland,Scotland,Scotland/England,Scot/Engl,Presbyterian,,1974,Kent,,England,1909,ESMW,Edinburgh,Scotland,1914,Edinburgh,Edinburgh,,,,,,,,,Yorkshire,NS,RMO York Dispensary,,,,,,,Malta,Malta,,24,84,19,5,,57.15,
Ward,Gladys,Gladys Ward,Inland Revenue Officer,Official,,,,Yes,27-11-1891,1891,"Cranbrook, Kent",SE England,,England,England,English,Eng/Eng,,,,,,,1911,Edinburgh,Edinburgh,Scotland,1916,Edinburgh,Edinburgh,,,,,,,,,,,,London,Obstetrics,NS,,,,SWHFS,,,25,-1891,20,,,,
Watson,Annie Mercer,Annie Mercer Watson,Paper manufacturer,Manufacturer,,,,Yes,,1862,Edinburgh,SE Scotland,Q23436,Scotland,Scotland,Scotland,Scot/Scot,,,1938,Edinburgh,,Scotland,1894,Dundee & EMCW,Edinburgh,Scotland,1899,Edinburgh,Triple,,,,Aberdeen,Aberdeen,,Aberdeen,Scotland,Aberdeen,NS,"VMO, MO",,,,,,,RAMC Auxiliary,,14062,37,76,32,5,,,
Watson,Isabella Anne,Isabella Anne Watson,Doctor,Medical,Crosby,Doctor,Medical,Yes,,1874,Mid Calder,SE Scotland,,Scotland,Scotland,Scotland,Scot/Scot,Presbyterian,,1962,New Zealand,,Australasia,1894,EMCW,Edinburgh,Scotland,1900,Edinburgh,Triple,,,,,Edinburgh,,New Zealand,New Zealand,,,,,,,,,,,,,26,88,20,6,Brother married Mona Geddes,,
Watson,Mary Hamilton,Mary Hamilton Watson,Free Church Minister,Minister,Grigsby,Advertising Inspector,Official,Yes,,1877,Shetland,Highlands & Islands,,Scotland,Scotland,Scotland,Scot/Scot,Presbyterian,,1974,Portsmouth,,England,1895,EMCW,Edinburgh,Scotland,1902,Edinburgh,Triple,,,,Portsmouth,Portsmouth,,,,,,,,,,,,,,,,25,97,18,7,,,
Webb,Martha Beatrice,Martha Beatrice Webb,Quarry manager,Commerce,,,,Yes,,1863,Cheshire,NW England,,England,England,England,Eng/Eng,Methodist,,1951,Birmingham,,England,1902,Birmingham & EMCW,Edinburgh,Scotland,1907,Edinburgh,Edinburgh,,,,,,,,,,,,,,,,,,,,18719,44,88,39,5,,,
White,Addie or ?Ada Elizabeth,Addie or ?Ada Elizabeth White,Clerk,Official,Kerr,Railways,Official,Yes,4 July 1874,1874,Calcutta,India,Q1348,India,India & Ceylon,Anglo-Indian/NK,SA/NK,Catholic,,1969,Essex,,England,1891,Calcutta & EMCW,Edinburgh,Scotland,1899,Edinburgh,Edinburgh,,,,,,,,,,,,,,,,Born & Started training in Calcutta,,,,,25,95,17,8,,,
Wilkes,Lilian Sarah,Lilian Sarah Wilkes,Solicitor,"Legal, accounts,para-legal",Macintyre,Doctor,Medical,,,1888,Darlington,North of England,,England,England,England,Eng/Eng,Anglican,,1978,Liverpool,,England,1907,EMCW,Edinburgh,Scotland,1914,Edinburgh,Triple,,,,,,,Darlington,England,,,,,,,,,,,,,26,90,19,7,,,
Wilkie,Elsie May Bowman,Elsie May Bowman Wilkie,Linen Manufacturer,Manufacturer,,,,Yes,,1880,Kirriemuir,Central Scotland,,Scotland,Scotland,Scotland,Scot/Scot,Presbyterian,,1912,Naples,,Europe,1900,EMCW,Edinburgh,Scotland,1905,Edinburgh,Edinburgh,,,,,Kirriemuir,,,,,,,,,,,,,,,,25,32,20,5,,,
Wilkinson,Ada,Ada Wilkinson,Farmer,Farmer,McLaren,Doctor,Medical,Yes,,1869,Chertsey,NZ,,New Zealand,Empire,England,Eng/Eng,Anglican,,1951,London,,England,1895,EMCW,Edinburgh,Scotland,1902,Edinburgh,Edinburgh,,,,,Natal,,Essex,England,,,,,,,,,,Malta,Malta,,33,82,26,7,,,
Williamson,Gladys Richarda May Violet,Gladys Richarda May Violet Williamson,Major,Army,,,,Yes,1-5-1888,1888,Heaton Chapel,NW England,,England,England,Irish/English,Ir/Eng,,19/09/1958,1958,New Orleans,,USA,1911,Edinburgh,Edinburgh,Scotland,1916,Edinburgh,Edinburgh,,,,,,,,,,,,New Orleans,NS,NS,,Sister born in India,,,,,28,70,23,,,,
Wilson,Marian Elizabeth,Marian Elizabeth Wilson,Free Church Minister,Minister,,,,Yes,,1881,Perthshire,Central Scotland,,Scotland,Scotland,Scotland,Scot/Scot,Presbyterian,,1917,"Royaumont, France",,Europe,1900,EMCW,Edinburgh,Scotland,1906,Edinburgh,Edinburgh,,,,,Barrow,,,,,,,,,,EMMS,,,Royaumont 1-Nov-15 1-Jul-17 ( Died August 1917),SWHFS,,25,36,19,6,,92.8,
Wilson,Mary Bowman,Mary Bowman Wilson,Farmer,Farmer,Macdonald,Presbyterian Minister,Minister,Yes,,1874,Ayrshire,SW Scotland,,Scotland,Scotland,Scotland,Scot/Scot,Presbyterian,,1963,Edinburgh,,Scotland,1892,EMCW,Edinburgh,Scotland,1897,Edinburgh,Triple,,,,,"Stonehouse, Scotland",,,,Perth,NS,NS,Lesmahagow,NS,Retired,No,,,,,,23,89,18,5,,,
Wilson,Mary Ruth,Mary Ruth Wilson,"Gold & Silver Refiner, Alderman",Commerce,,,,Yes,,1864,Sheffield,NE England,,England,England,England,Eng/Eng,Congregational,,1946,Hull,,England,1895,EMCW,Edinburgh,Scotland,1902,Edinburgh,Edinburgh,,,,,Loughton,,Sheffield,England,,,,,,,,,,,,,38,82,31,7,,,
Wiseman,Ethel,Ethel Wiseman,Civil Engineer,Engineer,Cassie,,,Yes,,1882,Dalhousie,India,,India,India & Ceylon,England/Anglo-Indian,Eng/SA,,,1955,Oxford,,England,1901,EMCW,Edinburgh,Scotland,1906,Edinburgh,Edinburgh,,,,,,,,,,,,,,,,Born,,,,,24,73,19,5,,,
Wood,Frances 'Fanny',Frances 'Fanny' Wood,Farmer,Farmer,Gibbens,Missionary,Minister,Yes,,1873,Co. Kerry,Munster,,Ireland,Ireland,Ireland,Ir/Ir,Methodist,,1955,Stafford,,England,1895,ESMW,Edinburgh,Scotland,1900,Edinburgh,Triple,,,,,,,N Arcot,India,,,,,,,Wesleyan,"Worked, Madras",,,,,27,82,22,5,,,
Wright,Margaret Kirk Jolly,Margaret Kirk Jolly Wright,Woollen yarn manufacturer,,,,,Yes,30 Aug 1892,1892,Selkirk,SE Scotland,,Scotland,Scotland,Scottish,Sco/Sco,,24-Sep-65,1965,Edinburgh,,SE Scotland,,Edinburgh,Edinburgh,Scotland,1915,Edinburgh,,,,,,,,,,,,,,,,,,,,,,,,,,,,
Young,Margaret Campbell Wylde,Margaret Campbell Wylde Young,Civil Engineer,Engineer,,,,Yes,,1878,Edinburgh,SE Scotland,Q23436,Scotland,Scotland,Scotland/Canadian,Scot/Oth,,,1919,Edinburgh,,Scotland,1899,EMCW,Edinburgh,Scotland,1904,Edinburgh,Edinburgh,,,,,,,Edinburgh,Edinburgh,Edinburgh,NS,NS,Dead,Dead,Dead,,,,,,,26,41,21,5,,,
Young,Margaret Chapel,Margaret Chapel Young,Bank agent,Official,Brønnum,Medical missionary,Medical and Minister,Yes,,1886,Alloa,Central Scotland,Q1009331,Scotland,Scotland,Scotland,Scot/Scot,Presbyterian,,1913,Nigeria,,Africa,1904,EMCW,Edinburgh,Scotland,1909,Edinburgh,Edinburgh,,,,,Edinburgh,,,,,,,,,,,,,,,,23,27,18,5,,109.4,
